Matric_no,Student_name,Age,Gender,GPA,Attendance_score,Level,Assignment_score,Test_score,Class_participation,Financial_support,Dropout
220501000,Chinyere Tinubu,18,Female,2.48,8,200,8,10,6,Medium,0
220501001,Emeka Davis,19,Male,3.94,9,200,8,17,5,Medium,0
220501002,Faith Amoah,24,Female,1.59,3,200,4,4,3,Low,1
220501003,Blessing Fashola,21,Female,3.17,9,200,9,12,5,Low,0
220501004,Yusuf Adesanya,21,Male,1.97,5,200,5,7,4,Medium,1
220501005,Chidinma Quansah,16,Female,3.42,6,200,6,12,5,High,0
220501006,Chioma Balogun,19,Female,2.85,3,200,1,8,5,Low,1
220501007,Kelechi Owusu,25,Male,3.36,7,200,8,15,5,Medium,0
220501008,Hope Balogun,18,Female,3.1,7,200,6,14,9,Low,0
220501009,Andrew Asante,18,Male,3.24,9,200,5,13,9,High,0
220501010,Temi Adjei,16,Female,3.41,8,200,10,17,9,Medium,0
220501011,Kunle Uchenna,19,Male,1.06,3,200,3,8,4,Low,1
220501012,Matthew Davis,21,Male,0.92,6,200,5,1,1,Low,1
220501013,Ebo Okafor,24,Male,3.8,9,200,10,18,5,Medium,0
220501014,Kwame Sani,21,Male,1.4,2,200,1,5,4,Low,1
220501015,Mmesoma Quansah,22,Female,1.36,4,200,3,4,3,Medium,1
220501016,Kayode Davis,15,Male,2.77,10,200,5,15,6,Medium,0
220501017,Favour Owusu,17,Female,2.73,10,200,10,15,5,High,0
220501018,Aiden Harris,15,Male,3.16,6,200,9,11,6,Medium,0
220501019,Chibuike Adesanya,15,Male,4,8,200,9,17,10,Medium,0
220501020,James Oduya,20,Male,1.38,5,200,2,7,4,Medium,1
220501021,Sadiya Martin,23,Female,2.14,5,200,10,10,10,Low,0
220501022,Simon Williams,16,Male,3.65,8,200,8,14,10,Medium,0
220501023,Toyin Eze,21,Female,1.56,2,200,1,6,3,Low,1
220501024,Suleiman Nduka,22,Male,1.76,6,200,1,4,3,Low,1
220501025,Stephen Dangote,20,Male,1.5,5,200,3,2,3,Low,1
220501026,Abena Olawale,22,Female,3.43,8,200,9,13,10,Medium,0
220501027,Charlotte Moore,23,Female,4,5,200,5,10,8,Medium,0
220501028,Chinyere Garcia,23,Female,1.96,1,200,5,7,5,Low,1
220501029,Amelia Mensah,23,Female,3.16,7,200,5,11,9,Medium,0
220501030,Temi Obiora,24,Female,3.1,7,200,6,11,6,Medium,0
220501031,Chioma Darko,18,Female,3.73,6,200,8,18,9,High,0
220501032,Kofi Moore,19,Male,3.34,8,200,5,14,9,High,0
220501033,Ifunanya Darko,18,Female,3.92,8,200,9,11,7,Medium,0
220501034,Uchenna Osei,19,Female,1.75,6,200,2,9,3,Medium,1
220501035,Nnamdi Nduka,16,Male,3.24,10,200,5,18,10,Low,0
220501036,Chinyere Garcia,24,Female,2.65,10,200,7,10,6,High,0
220501037,Grace Martinez,25,Female,1.98,3,200,4,3,1,Low,1
220501038,Sadiya Boateng,17,Female,2.1,4,200,1,4,2,High,1
220501039,Ogechukwu Brown,24,Female,2.81,8,200,6,16,6,Low,0
220501040,Mmesoma Nwachukwu,24,Female,3.7,5,200,7,19,8,Low,0
220501041,Simon Danjuma,15,Male,1.89,3,200,2,4,4,Low,1
220501042,Stephen Agyei,21,Male,2.95,9,200,6,11,6,High,0
220501043,Grace Okoro,18,Female,1.3,3,200,3,7,2,Low,1
220501044,James Brown,16,Male,3.02,9,200,6,15,6,Medium,0
220501045,Lucas Amoah,16,Male,1.92,1,200,3,3,5,Medium,1
220501046,Olachi Jackson,18,Female,1.79,2,200,1,6,4,Low,1
220501047,Bimpe Chukwu,17,Female,1.09,4,200,3,6,2,Medium,1
220501048,Hope Okonkwo,24,Female,1.65,1,200,3,5,3,Medium,1
220501049,Ebo Thomas,25,Male,2.23,4,200,4,4,3,Low,1
220501050,John Brown,16,Male,3.52,10,200,7,19,10,Medium,0
220501051,Bola Owusu,15,Male,3.5,6,200,7,10,9,Medium,0
220501052,Amelia Thomas,15,Female,1.81,2,200,1,10,5,Low,1
220501053,Tobi Anyanwu,15,Male,1.39,1,200,4,6,1,Medium,1
220501054,Akosua Nduka,16,Female,3.31,6,200,10,11,5,Low,0
220501055,Favour Williams,23,Female,1.84,5,200,5,3,1,Low,1
220501056,Blessing Agyei,20,Female,3.45,6,200,5,17,10,Medium,0
220501057,Yetunde Williams,21,Female,3.13,8,200,5,19,9,Medium,0
220501058,Abdullahi Quansah,22,Male,2.58,8,200,9,15,9,High,0
220501059,Mason Nyarko,23,Male,1.89,4,200,3,3,5,Low,1
220501060,Olumide Amoah,18,Male,1.7,4,200,2,7,3,Low,1
220501061,Blessing Anyanwu,19,Female,1.44,5,200,4,4,5,Medium,1
220501062,Kelechi Igwe,17,Male,2.09,3,200,2,9,3,High,1
220501063,Adaora Lawal,17,Female,2.26,6,200,5,5,1,Low,1
220501064,Chinyere Sani,16,Female,1.68,1,200,1,3,1,Low,1
220501065,Ronke Quansah,16,Female,3.1,8,200,5,11,10,High,0
220501066,Adanna Obiora,17,Female,1.61,2,200,4,2,1,Low,1
220501067,James Osei,21,Male,2.24,8,200,5,12,10,High,0
220501068,Simon Okoro,16,Male,3.27,6,200,5,11,6,Low,0
220501069,Isabella Johnson,23,Female,2.99,10,200,8,13,6,High,0
220501070,Charlotte Nwosu,16,Female,3.08,10,200,10,11,8,Medium,0
220501071,Yusuf Tinubu,18,Male,2.57,6,200,4,10,4,Medium,1
220501072,Yusuf Brown,15,Male,2.31,6,200,9,18,8,High,0
220501073,Bimpe Harris,25,Female,2.32,4,200,1,2,2,Medium,1
220501074,Obinna Moore,18,Male,1.85,6,200,1,9,2,Low,1
220501075,David Sani,24,Male,2.94,9,200,9,15,8,Medium,0
220501076,Sophia Okafor,25,Female,1.69,2,200,3,1,4,Low,1
220501077,Sade Williams,16,Female,1.38,2,200,3,4,5,Medium,1
220501078,Peter Yakubu,24,Male,2.84,8,200,7,10,10,Medium,0
220501079,Ava Fashola,22,Female,3.31,6,200,10,15,10,Medium,0
220501080,Chinyere Taylor,15,Female,3.04,6,200,10,13,8,Medium,0
220501081,Chinyere Asante,15,Female,1.56,6,200,5,3,5,Low,1
220501082,Favour Martinez,24,Female,3.06,8,200,5,12,7,Low,0
220501083,Folake Sani,19,Female,3.03,6,200,5,9,2,Medium,1
220501084,Mia Okafor,22,Female,3.8,10,200,9,15,8,High,0
220501085,Simon Jackson,21,Male,2.93,8,200,10,18,10,High,0
220501086,Olivia Adeyemi,25,Female,3.59,5,200,7,14,6,Low,0
220501087,Obinna Garcia,22,Male,1.94,6,200,2,2,2,High,1
220501088,Ethan Anderson,18,Male,2.28,9,200,5,17,6,High,0
220501089,Faith Chukwu,18,Female,2.84,9,200,10,14,7,High,0
220501090,Faith Olawale,17,Female,2.18,6,200,7,11,5,High,0
220501091,Ifunanya Nwafor,24,Female,3.09,9,200,6,13,8,Medium,0
220501092,Kemi Obiora,25,Female,1.72,2,200,2,9,1,Low,1
220501093,Folake Musa,17,Female,1.5,1,200,4,4,1,Low,1
220501094,Uche Onwudiwe,15,Male,3.12,8,200,5,13,5,Medium,0
220501095,Elijah Danjuma,19,Male,3.31,8,200,6,11,6,High,0
220501096,Chidi Quansah,19,Male,4,8,200,10,15,9,Medium,0
220501097,Aiden Owusu,21,Male,2.89,9,200,10,20,6,Medium,0
220501098,Mia Asante,20,Female,1.51,1,200,3,2,2,Low,1
220501099,Temi Anderson,24,Female,1.1,5,200,4,7,1,Medium,1
220501100,John Martinez,17,Male,3.39,9,200,5,12,6,High,0
220501101,Daniel Uchenna,20,Male,1.91,1,200,5,3,1,Low,1
220501102,Adaora Agyei,16,Female,3.01,5,200,7,14,10,High,0
220501103,Hope Obiora,16,Female,1.98,1,200,2,3,5,Low,1
220501104,Kayode Adeyemi,18,Male,2.78,5,200,6,11,8,High,0
220501105,Matthew Darko,24,Male,2.76,8,200,7,19,5,High,0
220501106,Matthew Amoah,15,Male,3.57,7,200,10,18,9,High,0
220501107,Chukwuemeka Nwachukwu,16,Male,3.27,7,200,6,11,8,Medium,0
220501108,Temi Chukwu,25,Female,3.67,5,200,8,20,7,Medium,0
220501109,Kunle Obiora,23,Male,2.97,7,200,5,11,5,Low,0
220501110,Chioma White,16,Female,2.05,3,200,4,8,1,Low,1
220501111,Bola Frimpong,24,Male,3.16,5,200,6,18,7,Low,0
220501112,Aisha Nwafor,20,Female,2.73,3,200,5,7,3,Medium,1
220501113,Tobi Musa,18,Male,4,9,200,5,12,5,Medium,0
220501114,Suleiman Onwudiwe,24,Male,3.01,6,200,5,18,7,Medium,0
220501115,Faith Onwudiwe,21,Female,3.65,6,200,7,12,6,High,0
220501116,Toyin Acheampong,19,Female,1.2,1,200,3,5,4,Low,1
220501117,Rotimi Oduya,15,Male,1.2,4,200,5,9,4,Low,1
220501118,Uchenna Agyemang,16,Female,3.27,5,200,10,12,8,Medium,0
220501119,Damilola Quansah,23,Male,1.91,4,200,1,7,2,Medium,1
220501120,Ama Okoro,16,Female,3.36,6,200,9,10,7,Medium,0
220501121,Sade Igwe,16,Female,3.64,5,200,7,13,9,Low,0
220501122,Olachi Oduya,25,Female,4,10,200,7,13,7,Low,0
220501123,Amaka Nyarko,19,Female,2.84,9,200,5,16,5,Medium,0
220501124,Suleiman Harris,15,Male,2.63,7,200,8,17,10,Medium,0
220501125,Toyin Fashola,18,Female,3.11,8,200,6,10,8,High,0
220501126,Faith Mensah,24,Female,2.2,6,200,3,5,3,Medium,1
220501127,Rotimi Uchenna,21,Male,1.85,3,200,3,7,5,Medium,1
220501128,Uche Quansah,24,Male,2.78,7,200,8,13,5,Medium,0
220501129,Gbenga Davis,16,Male,2.97,5,200,8,13,6,Medium,0
220501130,Michael Agyei,20,Male,1.31,3,200,5,4,2,Low,1
220501131,Noah Nwachukwu,20,Male,3.16,9,200,10,15,9,Low,0
220501132,Daniel Oduya,16,Male,2.07,6,200,5,7,1,Medium,1
220501133,Amaka Nwosu,20,Female,1.47,3,200,2,2,4,Low,1
220501134,Kelechi Frimpong,16,Male,2.67,5,200,6,14,7,Medium,0
220501135,Grace Acheampong,23,Female,2.68,9,200,5,13,5,High,0
220501136,Joseph Ezechi,16,Male,2.82,6,200,9,12,6,High,0
220501137,Joy Nyarko,19,Female,3.15,10,200,7,16,9,High,0
220501138,Amaka Danjuma,18,Female,4,7,200,9,20,9,Medium,0
220501139,James Okafor,24,Male,3.01,5,200,7,15,7,Medium,0
220501140,James Williams,18,Male,2.88,6,200,8,16,9,High,0
220501141,Lucas Nduka,17,Male,3.86,6,200,9,14,9,Medium,0
220501142,Hauwa Quansah,23,Female,3.14,8,200,8,15,5,Medium,0
220501143,Mmesoma Nwafor,24,Female,3.15,9,200,6,14,8,High,0
220501144,Adebayo Mensah,16,Male,3.77,7,200,6,16,7,High,0
220501145,Ikenna Owusu,16,Male,2.44,5,200,5,11,5,High,0
220501146,Amaka Chukwu,17,Female,2.27,8,200,9,20,8,High,0
220501147,Yetunde Thomas,20,Female,3.01,9,200,8,14,5,Low,0
220501148,Amaka Igwe,21,Female,2.99,8,200,7,15,10,Medium,0
220501149,Matthew Ezechi,18,Male,2.5,10,200,6,15,5,Low,0
220501150,Peter Sani,22,Male,3.41,9,200,6,14,9,Medium,0
220501151,Seun Olawale,15,Male,2.45,5,200,3,10,4,Medium,1
220501152,Liam Umar,19,Male,3.08,7,200,8,16,7,High,0
220501153,Nkechi Obiora,22,Female,3.73,5,200,4,10,3,Low,1
220501154,Yusuf Frimpong,19,Male,2.53,8,200,9,17,8,High,0
220501155,Akosua Dangote,18,Female,3.07,9,200,9,16,9,High,0
220501156,Elijah Agyei,20,Male,2.11,3,200,1,5,2,Medium,1
220501157,Matthew Eze,17,Male,1.34,3,200,2,1,1,Low,1
220501158,Obiageli Olawale,23,Female,3.59,10,200,9,14,9,Medium,0
220501159,Samuel Thomas,25,Male,2.44,4,200,4,10,4,High,1
220501160,Fatima Boateng,17,Female,3.37,6,200,7,11,5,High,0
220501161,Ogechukwu Thomas,17,Female,2.61,6,200,8,14,7,Medium,0
220501162,Abiodun Williams,16,Male,3.52,9,200,6,14,6,Low,0
220501163,John Musa,16,Male,2.52,6,200,4,2,3,Medium,1
220501164,Ogechukwu Taylor,25,Female,1.7,1,200,1,5,4,Medium,1
220501165,Michael Thomas,15,Male,2.72,9,200,6,13,5,Medium,0
220501166,Folake Nwachukwu,15,Female,1.95,6,200,3,1,4,Low,1
220501167,Ngozi Nduka,16,Female,2.93,8,200,10,12,5,Low,0
220501168,Obiageli Oduya,15,Female,2.94,8,200,5,10,9,High,0
220501169,Bola Owusu,22,Male,2.73,4,200,2,5,2,Low,1
220501170,Peter Williams,24,Male,2.6,8,200,7,13,9,Low,0
220501171,Blessing Martin,17,Female,2.94,8,200,5,16,9,High,0
220501172,Nkechi Agyei,18,Female,1.73,6,200,1,5,4,Low,1
220501173,Olumide Wilson,16,Male,2.21,6,200,2,10,2,Low,1
220501174,Femi Obi,22,Male,1.23,3,200,5,4,1,Medium,1
220501175,Kojo Taylor,20,Male,3.15,6,200,5,11,5,Low,0
220501176,Mark Nwosu,19,Male,1.67,4,200,1,4,3,Low,1
220501177,Musa Taylor,19,Male,3.36,5,200,10,11,10,Medium,0
220501178,Ogechukwu Fashola,16,Female,1.54,6,200,3,8,1,Low,1
220501179,Blessing Williams,15,Female,4,5,200,10,12,8,High,0
220501180,Obinna Fashola,20,Male,2.76,5,200,8,18,9,High,0
220501181,Yetunde Lawal,22,Female,3.43,5,200,6,13,9,Medium,0
220501182,Nnamdi Wilson,16,Male,2.06,3,200,2,6,5,Low,1
220501183,Adanna Boateng,21,Female,3.86,10,200,9,19,6,Medium,0
220501184,Aliyu Harris,21,Male,2.25,1,200,5,5,1,Low,1
220501185,Tobi Williams,22,Male,2.67,8,200,6,19,8,Low,0
220501186,Ava Nwafor,25,Female,3.22,9,200,9,10,6,Medium,0
220501187,Fatima Igwe,17,Female,2.94,5,200,7,18,7,High,0
220501188,Ifunanya Quansah,23,Female,2.9,7,200,10,10,8,Medium,0
220501189,Aisha Eze,16,Female,2.72,10,200,6,17,10,High,0
220501190,Ngozi White,16,Female,2.3,7,200,9,18,8,High,0
220501191,Kofi Musa,19,Male,2.71,5,200,6,18,8,Medium,0
220501192,Ahmed Williams,20,Male,1.57,6,200,4,1,5,Medium,1
220501193,Grace Obi,20,Female,2.84,9,200,5,11,8,High,0
220501194,Andrew Quansah,23,Male,2.72,5,200,10,10,10,Medium,0
220501195,Charlotte Nwosu,20,Female,1.83,3,200,2,10,1,Low,1
220501196,Adaora Nwachukwu,17,Female,2.29,2,200,1,2,4,Low,1
220501197,Elijah Lawal,25,Male,2.56,8,200,9,19,9,Low,0
220501198,Stephen Okonkwo,22,Male,2.28,7,200,5,17,8,Medium,0
220501199,Kojo Martinez,15,Male,2.03,6,200,2,5,3,Low,1
220501200,Chidinma Garba,19,Female,3.55,5,200,8,20,7,High,0
220501201,Efua Musa,19,Female,3.35,8,200,9,16,9,Medium,0
220501202,Chioma Anderson,15,Female,4,5,200,6,11,5,Medium,0
220501203,Olumide Eze,16,Male,2.74,10,200,10,17,5,Medium,0
220501204,Mason Thompson,19,Male,3.3,5,200,9,20,10,Low,0
220501205,Joy Agyei,22,Female,2.96,2,200,3,6,2,Low,1
220501206,Ogechukwu Fashola,21,Female,3.3,8,200,5,17,9,Medium,0
220501207,Damilola Acheampong,15,Male,3.73,8,200,10,10,8,Low,0
220501208,Obiageli Lawal,19,Female,3.59,10,200,7,10,9,Low,0
220501209,Faith Sani,19,Female,2.79,6,200,6,16,6,Low,0
220501210,Ebo Yakubu,22,Male,2.38,7,200,8,17,10,Medium,0
220501211,Ama Balogun,22,Female,2.75,5,200,9,12,9,Medium,0
220501212,Gbenga White,19,Male,1.7,9,200,5,14,9,High,0
220501213,Ronke Acheampong,25,Female,3.43,5,200,9,10,10,Medium,0
220501214,Ebo Agyei,18,Male,2.99,5,200,6,16,6,High,0
220501215,Nnamdi Sani,19,Male,1.18,3,200,5,5,1,Medium,1
220501216,Ronke Fashola,20,Female,2.85,5,200,5,17,8,Medium,0
220501217,James Okonkwo,18,Male,1.47,2,200,2,8,2,Medium,1
220501218,Emma Amoah,25,Female,3.57,6,200,9,18,7,Medium,0
220501219,Rotimi Nduka,20,Male,2.29,8,200,8,16,5,High,0
220501220,Sadiya Anderson,15,Female,3.13,10,200,10,20,7,High,0
220501221,Kemi Darko,22,Female,3.02,9,200,6,10,10,High,0
220501222,Kunle Balogun,18,Male,3.54,5,200,10,12,5,High,0
220501223,Ogechukwu Mensah,21,Female,2.8,5,200,6,17,8,Medium,0
220501224,John White,25,Male,1.98,3,200,4,3,4,Low,1
220501225,Aisha Obiora,19,Female,2.85,10,200,10,17,9,High,0
220501226,Aiden Davis,15,Male,3.31,6,200,7,10,7,Medium,0
220501227,Damilola Nyarko,24,Male,1.54,5,200,1,5,1,High,1
220501228,Yusuf White,18,Male,1.91,4,200,3,4,4,Low,1
220501229,Elijah Balogun,20,Male,1.75,6,200,9,14,6,High,0
220501230,Obinna Williams,22,Male,1.46,6,200,4,8,4,Low,1
220501231,Gbenga Williams,22,Male,1.55,4,200,3,10,2,High,1
220501232,Tunde Fashola,24,Male,2.66,7,200,6,13,10,Medium,0
220501233,Simon Agyemang,23,Male,2.47,7,200,9,20,5,High,0
220501234,Sadiya Thomas,22,Female,2.51,5,200,9,13,8,Medium,0
220501235,Efua Tinubu,22,Female,0.74,6,200,3,3,4,Medium,1
220501236,James Mensah,23,Male,3,9,200,7,16,5,Low,0
220501237,Chidi Eze,16,Male,2.83,8,200,8,12,8,High,0
220501238,Aliyu Agyemang,25,Male,3.49,6,200,5,12,6,High,0
220501239,Chukwuemeka Asante,17,Male,3.54,10,200,7,20,8,High,0
220501240,Ramatu Agyemang,15,Female,1.35,6,200,3,10,3,Low,1
220501241,Bola White,23,Male,2.97,7,200,10,14,10,High,0
220501242,Obiageli Thomas,22,Female,1.84,1,200,2,5,5,Low,1
220501243,Ogechukwu Dangote,17,Female,3.45,5,200,10,15,6,High,0
220501244,Sade Taylor,22,Female,2.21,4,200,5,8,3,Low,1
220501245,Peter Anderson,15,Male,4,7,200,5,19,10,Medium,0
220501246,Musa Acheampong,17,Male,2.86,10,200,6,15,5,Medium,0
220501247,Zainab Nyarko,22,Female,3.14,9,200,8,10,6,Medium,0
220501248,Usman Moore,21,Male,1.2,3,200,4,8,5,Medium,1
220501249,Charlotte Musa,19,Female,2.45,4,200,3,8,5,High,1
220501250,Peace Adjei,23,Female,3.31,8,200,7,18,5,Low,0
220501251,Ogechukwu Osei,20,Female,2.24,3,200,4,9,1,Medium,1
220501252,Olachi Yakubu,16,Female,2,4,200,3,2,2,Low,1
220501253,Mark Taylor,18,Male,1.18,3,200,1,2,4,Low,1
220501254,John Okafor,25,Male,3.62,6,200,10,12,5,Low,0
220501255,Onyeka Wilson,16,Male,3.3,7,200,7,10,10,Medium,0
220501256,Tobi Agyemang,25,Male,1.56,3,200,5,4,4,High,1
220501257,Ronke Jackson,15,Female,3.78,8,200,7,13,7,Medium,0
220501258,Sophia Obi,20,Female,2.62,4,200,2,9,5,Medium,1
220501259,Adwoa Owusu,21,Female,3.93,5,200,5,18,8,Medium,0
220501260,Peter Onwudiwe,25,Male,2.97,5,200,6,18,9,High,0
220501261,Ronke Danjuma,21,Female,2.23,2,200,2,10,4,Low,1
220501262,Ogechukwu Olawale,19,Female,2.79,5,200,9,16,7,Medium,0
220501263,Hauwa White,21,Female,2.75,7,200,5,11,5,High,0
220501264,Kelechi Frimpong,21,Male,3.42,8,200,5,19,7,Medium,0
220501265,Yusuf Anderson,15,Male,3.47,5,200,5,14,5,Low,0
220501266,Hope Asante,24,Female,3.35,5,200,5,13,5,High,0
220501267,Adebayo Balogun,21,Male,3.49,6,200,5,20,9,Low,0
220501268,Chioma Agyei,23,Female,3.14,10,200,9,17,10,Medium,0
220501269,Emmanuel Nwachukwu,20,Male,2.58,6,200,7,11,7,Low,0
220501270,Michael Adjei,25,Male,3.45,7,200,6,15,8,High,0
220501271,Chinyere Mensah,21,Female,4,8,200,5,14,7,Low,0
220501272,Temi Antwi,24,Female,3.01,6,200,7,11,9,Low,0
220501273,Joseph Nyarko,21,Male,3.27,5,200,7,20,5,Medium,0
220501274,Abiodun Garba,21,Male,1.49,4,200,2,10,5,Low,1
220501275,Ifeoma Okafor,24,Female,1.9,4,200,5,1,2,Medium,1
220501276,Folake Fashola,20,Female,1.5,1,200,4,8,2,Low,1
220501277,Bimpe Quansah,24,Female,2.05,2,200,4,2,4,High,1
220501278,Kunle Yakubu,23,Male,2.79,5,200,7,16,9,Low,0
220501279,Ebo Okoro,18,Male,1.41,6,200,2,9,4,High,1
220501280,Amaka Agyei,19,Female,3.08,8,200,8,18,8,High,0
220501281,Logan Dangote,16,Male,3.45,9,200,7,17,6,High,0
220501282,Sophia Abubakar,23,Female,2.56,5,200,5,10,4,Low,1
220501283,Toyin Okoro,19,Female,2.85,7,200,8,18,6,High,0
220501284,Musa Thomas,25,Male,3.22,5,200,7,11,5,Medium,0
220501285,Folake Obi,17,Female,3.23,5,200,7,15,9,Medium,0
220501286,Obiageli Quansah,20,Female,2.6,7,200,5,13,8,Medium,0
220501287,Kojo Uchenna,16,Male,2.69,7,200,9,13,6,High,0
220501288,Mason Sani,21,Male,3.41,7,200,5,14,7,High,0
220501289,Yetunde Onwudiwe,16,Female,2.8,8,200,6,12,8,High,0
220501290,Adwoa Williams,20,Female,3.66,10,200,5,10,10,Low,0
220501291,Folake Agyei,20,Female,3.22,5,200,5,17,5,High,0
220501292,Kojo Davis,17,Male,2.91,8,200,8,14,5,Low,0
220501293,Kofi Nwafor,18,Male,3.73,7,200,10,12,7,Low,0
220501294,Ahmed Frimpong,23,Male,1.09,1,200,3,10,2,High,1
220501295,Nnamdi Obi,23,Male,3.75,8,200,9,16,8,High,0
220501296,Nkechi Wilson,23,Female,3.3,10,200,5,16,6,High,0
220501297,Abiodun Brown,20,Male,2.55,8,200,9,10,5,Medium,0
220501298,Halima Thomas,24,Female,3.45,10,200,10,18,6,High,0
220501299,Mason Olawale,15,Male,3.61,7,200,10,11,5,Medium,0
220501300,Uche Lawal,23,Male,2.72,10,200,5,14,6,Low,0
220501301,Kunle Antwi,16,Male,3.84,5,200,6,14,7,Medium,0
220501302,Mmesoma Lawal,25,Female,1.26,3,200,1,8,5,Low,1
220501303,Temi Owusu,24,Female,2.89,5,200,8,17,7,Medium,0
220501304,Nkechi Adjei,25,Female,3.84,9,200,7,16,7,High,0
220501305,Ama White,20,Female,2.41,6,200,6,16,9,Low,0
220501306,Stephen Okoro,19,Male,3.74,10,200,5,20,9,Low,0
220501307,Samuel Chukwu,17,Male,1.76,2,200,5,6,4,Low,1
220501308,Tobi Adjei,16,Male,2.3,2,200,2,6,4,Medium,1
220501309,James Adeyemi,22,Male,3.54,10,200,6,20,7,High,0
220501310,Liam Osei,24,Male,2.37,3,200,1,9,3,Medium,1
220501311,Emma Okafor,17,Female,1.92,5,200,2,6,1,Low,1
220501312,Elijah Thompson,22,Male,3.01,5,200,9,11,5,Medium,0
220501313,Maryam Antwi,15,Female,2.91,8,200,10,11,8,High,0
220501314,Liam Adjei,16,Male,2.11,1,200,2,5,4,Medium,1
220501315,Stephen Amoah,20,Male,3.52,8,200,10,13,5,Medium,0
220501316,Olivia Amoah,22,Female,2.89,5,200,9,20,5,Medium,0
220501317,Aisha Agyemang,20,Female,2.81,10,200,5,11,10,Medium,0
220501318,Olivia Balogun,19,Female,3.82,9,200,7,12,6,Medium,0
220501319,James Harris,23,Male,3.29,8,200,6,16,6,Medium,0
220501320,Ogechukwu Nyarko,23,Female,3.27,7,200,7,17,5,Medium,0
220501321,Sade Danjuma,21,Female,3.93,5,200,9,15,6,High,0
220501322,Sophia Musa,15,Female,3,5,200,6,20,9,Medium,0
220501323,Obiageli Balogun,18,Female,3.18,8,200,10,14,8,Low,0
220501324,Logan Oppong,22,Male,3.48,7,200,8,10,8,Low,0
220501325,Chidinma Balogun,21,Female,3.14,7,200,7,17,5,Low,0
220501326,Ifunanya Quansah,22,Female,2.75,10,200,6,12,7,Low,0
220501327,Blessing Okoro,15,Female,1.81,6,200,3,6,1,Low,1
220501328,Gbenga Igwe,16,Male,3.11,10,200,6,12,6,Medium,0
220501329,Chidi Osei,24,Male,1.89,6,200,1,7,3,Low,1
220501330,Zainab Owusu,24,Female,3.09,10,200,10,16,6,High,0
220501331,Sophia Jackson,24,Female,2.12,6,200,3,9,5,Low,1
220501332,Halima Osei,17,Female,2.59,5,200,4,5,2,Low,1
220501333,Nnamdi Adjei,25,Male,2.35,3,200,4,8,5,Medium,1
220501334,Fatima Olawale,15,Female,2.21,10,200,9,19,10,Medium,0
220501335,Emmanuel Adeyemi,25,Male,3.34,7,200,6,19,9,High,0
220501336,Yetunde Igwe,20,Female,3.73,7,200,7,17,10,Medium,0
220501337,Elijah Martin,16,Male,2.18,2,200,5,1,2,Low,1
220501338,Kunle Obiora,16,Male,3.06,9,200,7,14,10,Medium,0
220501339,Bimpe Eze,21,Female,1.99,6,200,2,3,2,Medium,1
220501340,Kwame Balogun,15,Male,3.12,5,200,8,10,10,High,0
220501341,Faith Asante,19,Female,2.57,4,200,1,4,5,Low,1
220501342,Kojo Adeyemi,18,Male,2.9,5,200,8,17,10,Medium,0
220501343,Mark Lawal,18,Male,4,9,200,9,12,7,Medium,0
220501344,Abiodun Musa,22,Male,2.9,8,200,10,19,10,Medium,0
220501345,Emmanuel Tinubu,16,Male,2.72,9,200,5,11,10,High,0
220501346,Philip Owusu,18,Male,3.09,7,200,9,20,9,High,0
220501347,Michael Johnson,24,Male,3.21,8,200,6,18,8,Medium,0
220501348,Kofi Martinez,24,Male,3.87,7,200,5,19,9,Medium,0
220501349,Femi Tinubu,17,Male,3.63,5,200,9,14,7,Medium,0
220501350,Bimpe Sani,16,Female,2.43,1,200,2,7,4,Low,1
220501351,Maryam Fashola,15,Female,1.55,4,200,4,2,1,Medium,1
220501352,Matthew Balogun,19,Male,1.86,4,200,2,9,1,Low,1
220501353,Lucas Anderson,22,Male,1.39,6,200,3,9,3,Low,1
220501354,Amelia Osei,16,Female,3.1,9,200,6,13,9,Medium,0
220501355,Akosua Asante,21,Female,2.33,6,200,2,4,2,Low,1
220501356,Nkechi Agyei,25,Female,1.96,5,200,3,6,3,Medium,1
220501357,Uchenna Taylor,15,Female,2.74,6,200,5,10,4,Low,1
220501358,Liam Dangote,17,Male,3.66,7,200,9,19,8,Medium,0
220501359,Yaw Eze,21,Male,2.27,4,200,2,10,1,Low,1
220501360,Damilola Quansah,19,Male,4,5,200,7,15,8,Medium,0
220501361,Musa Martinez,22,Male,2.13,5,200,3,1,3,High,1
220501362,Nkechi Harris,22,Female,2.2,5,200,4,9,4,Medium,1
220501363,Chukwuemeka Adjei,17,Male,2.99,5,200,9,11,7,Medium,0
220501364,Fiifi Nwafor,20,Male,3.09,10,200,10,14,6,Low,0
220501365,Uchenna Agyemang,17,Female,2.98,9,200,5,18,10,Low,0
220501366,Ramatu Nduka,24,Female,1.78,3,200,5,4,1,Medium,1
220501367,Aliyu Lawal,15,Male,3.89,8,200,10,20,8,High,0
220501368,Efua Yakubu,21,Female,3.24,5,200,9,12,7,Medium,0
220501369,Sade Brown,23,Female,2.83,8,200,8,16,9,Medium,0
220501370,Mark Ezechi,20,Male,3.27,9,200,5,15,5,Medium,0
220501371,Michael Agyemang,23,Male,3.4,9,200,8,17,6,Medium,0
220501372,Kemi Brown,23,Female,2.88,5,200,5,12,7,Low,0
220501373,Zainab Agyei,22,Female,3.11,7,200,6,14,10,Medium,0
220501374,Kojo Adesanya,24,Male,3.41,6,200,10,19,10,High,0
220501375,Aisha Uchenna,17,Female,3.67,5,200,5,13,6,Low,0
220501376,Abiodun Okoro,19,Male,3.36,6,200,8,13,6,Medium,0
220501377,Philip Osei,25,Male,1.19,6,200,5,4,4,High,1
220501378,Kayode Balogun,23,Male,4,6,200,5,19,8,Medium,0
220501379,Joseph Jackson,19,Male,2.14,3,200,1,8,3,Medium,1
220501380,Mercy Nwafor,23,Female,2.53,10,200,7,15,9,Low,0
220501381,Joy Thompson,23,Female,3.64,6,200,9,12,7,Medium,0
220501382,Ebo Williams,25,Male,3.36,10,200,10,19,9,High,0
220501383,Kayode Davis,20,Male,3.4,6,200,10,14,6,Medium,0
220501384,Adanna Davis,17,Female,3.42,7,200,6,15,5,Medium,0
220501385,Andrew Nwosu,17,Male,3.46,6,200,8,14,7,High,0
220501386,Isabella Mensah,16,Female,1.56,2,200,2,6,3,Medium,1
220501387,Kelechi Frimpong,21,Male,3.38,6,200,10,17,9,High,0
220501388,Suleiman Acheampong,17,Male,1.45,1,200,5,7,2,High,1
220501389,Olivia Frimpong,22,Female,3.27,5,200,5,14,6,Medium,0
220501390,Mmesoma Onwudiwe,24,Female,3.62,5,200,5,19,9,High,0
220501391,Ifeoma Nwafor,23,Female,2.54,3,200,5,6,2,Low,1
220501392,Adwoa Adeyemi,21,Female,3.29,10,200,10,13,10,High,0
220501393,Ifunanya Moore,24,Female,1.86,5,200,1,9,4,Low,1
220501394,Kunle Nyarko,19,Male,3.43,6,200,5,13,10,High,0
220501395,Mmesoma Agyei,18,Female,3.33,6,200,5,10,5,Medium,0
220501396,Maryam Martinez,20,Female,1.39,3,200,4,7,3,Low,1
220501397,Emma Martin,24,Female,2.73,6,200,8,16,5,High,0
220501398,Efua White,15,Female,3.79,5,200,7,13,7,High,0
220501399,Sadiya Nduka,20,Female,2.6,9,200,6,12,8,Medium,0
220501400,Aisha Anderson,16,Female,2.96,8,200,9,17,6,High,0
220501401,Chidi Darko,25,Male,2.78,6,200,9,14,10,Low,0
220501402,Obinna Mensah,22,Male,1.26,1,200,5,10,5,Medium,1
220501403,Babatunde Dangote,20,Male,3.22,8,200,7,16,10,High,0
220501404,Yetunde Umar,17,Female,3.81,9,200,8,13,8,Medium,0
220501405,Peace Owusu,16,Female,0.84,4,200,3,4,1,Low,1
220501406,Yetunde Ezechi,16,Female,1.81,1,200,5,8,5,Medium,1
220501407,Aisha Wilson,17,Female,2.23,6,200,2,8,2,Medium,1
220501408,Uchenna Mensah,23,Female,3.21,10,200,5,11,8,Medium,0
220501409,Ikenna Darko,21,Male,3.43,8,200,8,11,9,High,0
220501410,Ramatu Yakubu,15,Female,3.57,7,200,8,12,8,High,0
220501411,Maryam Nwosu,16,Female,1.78,8,200,7,12,8,Low,0
220501412,Aliyu Musa,18,Male,2.66,6,200,8,10,6,Low,0
220501413,Nnamdi Eze,21,Male,1.77,2,200,5,3,3,Low,1
220501414,Amaka Moore,18,Female,3.86,10,200,10,15,9,Medium,0
220501415,Mmesoma Musa,15,Female,3.46,7,200,9,17,6,Low,0
220501416,Ahmed Nwafor,19,Male,1.52,1,200,3,10,4,High,1
220501417,Chibuike Nwosu,19,Male,3.29,6,200,9,15,6,Medium,0
220501418,Amelia Wilson,23,Female,2.64,10,200,10,14,7,Medium,0
220501419,Emma Ezechi,21,Female,3.96,9,200,6,13,10,Medium,0
220501420,Daniel Harris,17,Male,2.04,6,200,3,3,5,Medium,1
220501421,Gbenga Igwe,25,Male,1.64,2,200,2,4,3,High,1
220501422,Fatima Ezechi,25,Female,3.81,6,200,5,16,5,Medium,0
220501423,Adaora Obiora,20,Female,3.29,10,200,6,10,9,High,0
220501424,Akosua Nwafor,16,Female,2.6,5,200,5,16,7,Medium,0
220501425,Bola Igwe,23,Male,1.69,4,200,1,1,4,Low,1
220501426,Favour Lawal,21,Female,3.37,6,200,6,11,9,Low,0
220501427,Ebo Taylor,22,Male,3.48,10,200,7,13,9,Medium,0
220501428,Ifunanya Agyei,18,Female,3.37,10,200,10,10,6,High,0
220501429,Adaora Adjei,20,Female,1.65,3,200,5,9,4,Medium,1
220501430,Simon Amoah,20,Male,4,8,200,9,15,5,Low,0
220501431,Kofi Osei,24,Male,2.01,5,200,1,1,3,Medium,1
220501432,Adwoa Obi,16,Female,2.68,1,200,1,1,2,Medium,1
220501433,Maryam Quansah,18,Female,1.5,5,200,3,6,3,High,1
220501434,Maryam Chukwu,24,Female,3.3,8,200,8,13,5,Low,0
220501435,Mark Oduya,19,Male,1.08,4,200,2,4,1,Medium,1
220501436,Elijah Boateng,16,Male,2.29,4,200,1,6,5,High,1
220501437,Ahmed Owusu,18,Male,0.82,5,200,5,7,1,Medium,1
220501438,Chidi Olawale,25,Male,1.9,8,200,7,18,7,Medium,0
220501439,Femi Frimpong,19,Male,1.93,6,200,2,10,4,Medium,1
220501440,Gbenga Nwachukwu,24,Male,3.12,9,200,7,14,8,Medium,0
220501441,Femi Okafor,17,Male,3.31,8,200,6,18,9,Medium,0
220501442,Ama Uchenna,24,Female,3.55,10,200,6,13,10,Medium,0
220501443,Usman Onwudiwe,24,Male,3.09,7,200,10,19,7,High,0
220501444,Ikenna Okonkwo,15,Male,3.69,8,200,5,11,7,Medium,0
220501445,Hope Wilson,17,Female,3.44,9,200,7,12,5,Medium,0
220501446,Temi Wilson,16,Female,3.49,6,200,7,20,7,Medium,0
220501447,Usman Nduka,16,Male,3.06,8,200,10,10,6,Medium,0
220501448,Bola Darko,25,Male,2.67,6,200,9,15,10,High,0
220501449,Lucas Williams,22,Male,2.48,6,200,5,6,1,Low,1
220501450,Yaw Asante,20,Male,3.44,7,200,5,10,6,High,0
220501451,David Tinubu,23,Male,3.88,5,200,5,20,9,Medium,0
220501452,Mia Amoah,21,Female,3.49,7,200,8,12,8,High,0
220501453,Ibrahim Lawal,15,Male,3.57,8,200,10,14,9,High,0
220501454,Aisha Garba,15,Female,3.5,6,200,9,12,8,Low,0
220501455,Bola Chukwu,17,Male,2.17,2,200,2,10,5,Low,1
220501456,Grace Anderson,15,Female,1.04,5,200,3,3,3,Low,1
220501457,Adanna Wilson,15,Female,3.04,6,200,5,19,6,Medium,0
220501458,Adwoa Dangote,24,Female,3.18,9,200,7,12,8,Low,0
220501459,Michael Taylor,25,Male,2.21,6,200,3,5,1,Low,1
220501460,Mmesoma Nyarko,21,Female,3.03,5,200,8,14,6,Medium,0
220501461,Aisha Anyanwu,17,Female,0.87,4,200,5,4,1,Low,1
220501462,Adwoa Olawale,20,Female,2.84,9,200,5,10,6,Medium,0
220501463,Simon Eze,19,Male,2.12,1,200,3,5,2,Low,1
220501464,Ethan Agyemang,25,Male,3.08,6,200,5,19,9,Medium,0
220501465,Abdullahi Jackson,20,Male,2.91,6,200,6,14,8,Medium,0
220501466,Simon Johnson,17,Male,3.11,5,200,8,13,8,High,0
220501467,Emeka Adesanya,21,Male,1.86,2,200,2,6,2,Low,1
220501468,Hope Adeyemi,16,Female,2.71,10,200,5,19,7,Medium,0
220501469,Folake Brown,20,Female,3.38,10,200,5,13,7,Low,0
220501470,Amelia Eze,15,Female,2.69,5,200,9,16,5,Low,0
220501471,Kwame Yakubu,25,Male,3.01,9,200,7,16,5,Medium,0
220501472,Emmanuel Obi,20,Male,3.71,9,200,7,11,9,Medium,0
220501473,Logan Davis,21,Male,2,1,200,2,3,2,Low,1
220501474,Gbenga Agyemang,16,Male,1.96,9,200,8,10,5,Medium,0
220501475,Chinyere Nwafor,17,Female,2.25,9,200,10,17,5,Medium,0
220501476,Kelechi Onwudiwe,22,Male,2.57,6,200,3,9,2,Medium,1
220501477,Sadiya Acheampong,21,Female,1.6,5,200,5,4,5,Medium,1
220501478,Kayode Jackson,16,Male,3.48,7,200,6,15,5,Medium,0
220501479,Ogechukwu Fashola,16,Female,1.27,4,200,2,9,5,Medium,1
220501480,Liam Sani,25,Male,3.16,6,200,10,15,8,High,0
220501481,Halima Acheampong,18,Female,2.62,7,200,9,18,9,High,0
220501482,Mmesoma Anyanwu,24,Female,3.33,9,200,8,13,7,Medium,0
220501483,Ikenna Nyarko,16,Male,2.78,10,200,9,17,7,Low,0
220501484,Fiifi Okonkwo,20,Male,2.19,1,200,4,9,5,Medium,1
220501485,Michael Adesanya,20,Male,1.11,5,200,5,4,3,High,1
220501486,Babatunde Johnson,23,Male,2.84,10,200,9,14,8,Low,0
220501487,Babatunde Tinubu,15,Male,3.12,8,200,5,17,6,Low,0
220501488,Bimpe Nyarko,17,Female,2.82,9,200,6,19,7,High,0
220501489,Noah Okafor,22,Male,1.6,1,200,5,6,3,Low,1
220501490,Musa Okoro,24,Male,3.82,10,200,10,16,9,Medium,0
220501491,Samuel Igwe,15,Male,1.65,6,200,5,3,4,Medium,1
220501492,Peace Garcia,16,Female,1.4,6,200,3,7,2,Low,1
220501493,Obiageli Anyanwu,24,Female,2.57,8,200,6,17,9,Low,0
220501494,Ahmed Obi,15,Male,2.54,5,200,3,10,5,Low,1
220501495,Folake Igwe,20,Female,4,8,200,6,15,10,High,0
220501496,Joy Brown,18,Female,3.37,6,200,7,19,8,Medium,0
220501497,Charlotte Musa,20,Female,2.85,6,200,9,18,6,High,0
220501498,Lucas Wilson,18,Male,4,9,200,9,15,8,Medium,0
220501499,Adwoa Nwafor,20,Female,3.74,8,200,5,18,6,High,0
220501500,Adaora Balogun,18,Female,3.32,5,200,10,13,8,Low,0
220501501,Ahmed Frimpong,21,Male,2.29,10,200,7,17,9,Medium,0
220501502,Aliyu Sani,15,Male,3.17,10,200,8,20,9,Medium,0
220501503,Onyeka Nwosu,25,Male,3.26,9,200,5,13,5,Medium,0
220501504,Charlotte Acheampong,17,Female,2.46,6,200,7,11,7,Low,0
220501505,Kelechi Amoah,18,Male,1.96,2,200,3,10,4,Medium,1
220501506,Kojo Tinubu,16,Male,1.36,6,200,1,9,1,Low,1
220501507,Sophia Dangote,19,Female,3.33,9,200,9,14,7,Medium,0
220501508,Ifeoma Lawal,24,Female,2.96,8,200,7,13,8,Low,0
220501509,Joseph Moore,17,Male,1.68,2,200,5,2,2,Low,1
220501510,Peter Brown,20,Male,1.69,4,200,1,1,3,Low,1
220501511,Samuel Ezechi,18,Male,2.89,6,200,9,20,9,Low,0
220501512,Emmanuel Agyei,16,Male,2.9,6,200,6,16,5,High,0
220501513,Michael Garba,21,Male,3.73,7,200,8,15,7,Medium,0
220501514,Abena Mensah,17,Female,3.34,6,200,7,11,7,Medium,0
220501515,Adanna Abubakar,22,Female,3,5,200,10,17,9,Low,0
220501516,Nkechi Davis,18,Female,1.72,5,200,4,4,4,High,1
220501517,Kofi Adjei,21,Male,3.31,9,200,9,17,6,High,0
220501518,Halima Brown,19,Female,2.69,8,200,7,16,9,Low,0
220501519,Fiifi Okafor,24,Male,1.25,2,200,5,5,2,High,1
220501520,Ikenna Taylor,22,Male,2.13,1,200,2,10,4,High,1
220501521,Chidinma Nwafor,21,Female,2.74,8,200,5,19,7,Medium,0
220501522,Favour Uchenna,23,Female,1.47,3,200,3,8,2,Low,1
220501523,Mia Ezechi,15,Female,0.99,4,200,2,9,1,Low,1
220501524,Sadiya White,16,Female,2.19,4,200,2,5,1,Medium,1
220501525,Charlotte Osei,21,Female,3.4,6,200,7,19,9,Medium,0
220501526,Michael Jackson,25,Male,2.28,3,200,5,5,4,Low,1
220501527,Peace Frimpong,15,Female,2.37,4,200,2,2,5,Medium,1
220501528,Philip Antwi,18,Male,3.9,5,200,8,14,9,Medium,0
220501529,Kunle Acheampong,16,Male,1.17,1,200,2,3,5,Medium,1
220501530,Chioma Thomas,23,Female,3.84,9,200,10,16,10,High,0
220501531,Abdullahi Onwudiwe,17,Male,2.07,3,200,5,10,1,Medium,1
220501532,Aliyu Osei,24,Male,3.84,7,200,9,14,5,High,0
220501533,Abena Lawal,20,Female,1.93,9,200,8,17,9,Medium,0
220501534,Joseph Okonkwo,22,Male,3.57,8,200,6,10,5,High,0
220501535,Uche White,25,Male,3.18,7,200,9,12,8,Low,0
220501536,Noah Oduya,17,Male,3.24,5,200,10,12,10,High,0
220501537,Noah Obi,24,Male,3.8,5,200,7,18,10,High,0
220501538,Uchenna Nduka,25,Female,1.93,2,200,1,5,5,Medium,1
220501539,Ngozi Garba,25,Female,2.71,7,200,5,18,5,Medium,0
220501540,Ama Lawal,22,Female,3.43,8,200,5,18,6,High,0
220501541,Nkechi Onwudiwe,15,Female,4,9,200,6,10,10,High,0
220501542,Yaw Williams,18,Male,2.53,5,200,4,2,5,Low,1
220501543,Kayode Oppong,23,Male,3.47,8,200,9,14,9,Low,0
220501544,Ifeoma Olawale,23,Female,4,10,200,7,13,8,High,0
220501545,Halima Osei,24,Female,3.33,6,200,10,19,7,Low,0
220501546,Aiden Thomas,21,Male,3.45,9,200,7,18,7,Medium,0
220501547,Ahmed Nwafor,16,Male,2.18,3,200,2,7,4,Low,1
220501548,Mia Okonkwo,24,Female,3.38,6,200,5,15,8,High,0
220501549,Mark Obiora,20,Male,2.36,7,200,6,16,8,Low,0
220501550,Faith Wilson,20,Female,1.66,1,200,4,1,3,High,1
220501551,Kunle Adesanya,16,Male,2.11,2,200,4,1,4,Low,1
220501552,David Oduya,23,Male,3.7,9,200,10,17,5,Medium,0
220501553,Folake Oduya,23,Female,2.36,6,200,9,11,9,Medium,0
220501554,Daniel Danjuma,17,Male,2.02,2,200,5,10,5,Low,1
220501555,Mmesoma Taylor,16,Female,3.41,6,200,10,20,6,Low,0
220501556,Mason Balogun,20,Male,4,10,200,8,18,6,High,0
220501557,Chioma Jackson,21,Female,3.15,6,200,8,16,10,Medium,0
220501558,Ronke Chukwu,25,Female,3.49,7,200,8,15,10,Medium,0
220501559,Hauwa Thompson,19,Female,3.3,5,200,6,10,9,Medium,0
220501560,Ramatu Agyemang,21,Female,4,8,200,8,10,5,Medium,0
220501561,Adebayo Agyei,20,Male,3.79,6,200,7,11,7,Medium,0
220501562,Paul Acheampong,24,Male,3.8,9,200,5,15,7,Low,0
220501563,Philip Umar,15,Male,2.63,6,200,8,15,10,High,0
220501564,Femi Yakubu,23,Male,2.52,9,200,10,11,5,Low,0
220501565,Ifunanya Osei,25,Female,2.94,7,200,5,10,10,High,0
220501566,Obiageli Frimpong,21,Female,3.09,9,200,6,19,7,Low,0
220501567,Joseph Garba,23,Male,1.44,4,200,1,5,4,Low,1
220501568,Hope Okoro,21,Female,3.36,5,200,10,14,10,High,0
220501569,Ahmed Johnson,17,Male,2.28,5,200,2,2,5,High,1
220501570,Sophia Johnson,20,Female,0.81,5,200,3,6,5,Low,1
220501571,Ogechukwu Nwosu,23,Female,2.06,1,200,2,9,1,Low,1
220501572,Toyin Okoro,20,Female,3.02,8,200,6,11,7,High,0
220501573,Hauwa Sani,23,Female,3.67,6,200,10,19,6,High,0
220501574,Bola Obi,22,Male,2.89,9,200,9,11,6,Low,0
220501575,Sadiya Taylor,23,Female,2.04,1,200,4,3,3,Low,1
220501576,Ahmed Quansah,17,Male,2.69,7,200,8,16,6,Medium,0
220501577,Usman Johnson,23,Male,3.7,5,200,7,15,10,Medium,0
220501578,Sophia Taylor,22,Female,2.89,7,200,7,17,5,Medium,0
220501579,Peace Antwi,24,Female,3.1,8,200,8,17,5,Medium,0
220501580,Emma Fashola,17,Female,3.09,6,200,9,15,7,High,0
220501581,Abiodun Osei,25,Male,3.03,5,200,8,20,6,High,0
220501582,Amelia Thompson,17,Female,3.5,10,200,9,19,10,Low,0
220501583,Philip Moore,22,Male,1.1,5,200,3,3,1,High,1
220501584,Usman Moore,16,Male,3.25,8,200,5,12,5,Medium,0
220501585,Emeka Oppong,25,Male,2.05,1,200,3,1,4,Medium,1
220501586,Aisha Nwosu,20,Female,2.06,5,200,3,7,4,Low,1
220501587,Amelia Igwe,22,Female,2.57,5,200,6,14,5,Medium,0
220501588,Logan Anyanwu,16,Male,2.43,7,200,6,13,7,Medium,0
220501589,Kojo Wilson,25,Male,3.2,5,200,6,19,9,Low,0
220501590,Bimpe Darko,20,Female,3.95,10,200,10,13,9,Low,0
220501591,Simon Thompson,17,Male,1.76,1,200,2,4,1,Medium,1
220501592,Hope Mensah,22,Female,3.57,5,200,9,15,5,Medium,0
220501593,Mark Johnson,19,Male,2.9,6,200,4,8,1,Medium,1
220501594,Yusuf Abubakar,18,Male,3.28,8,200,5,17,7,Medium,0
220501595,Ahmed Oduya,15,Male,3.15,5,200,7,14,8,Medium,0
220501596,Chinyere Eze,21,Female,1.85,6,200,5,6,1,High,1
220501597,Onyeka Obi,24,Male,3.73,9,200,5,13,5,Medium,0
220501598,Tunde Garcia,23,Male,1.37,3,200,5,9,2,High,1
220501599,Suleiman Musa,21,Male,3.14,7,200,9,17,7,High,0
220501600,Ifunanya Moore,20,Female,4,5,200,7,19,10,Medium,0
220501601,Zainab Adjei,25,Female,2.26,4,200,4,10,1,Low,1
220501602,Mercy Asante,19,Female,1.48,4,200,2,1,2,Medium,1
220501603,Blessing Garcia,25,Female,1.83,5,200,4,2,5,Low,1
220501604,Paul Brown,18,Male,1.39,1,200,3,9,1,Low,1
220501605,Kojo Danjuma,25,Male,3.8,7,200,7,17,5,High,0
220501606,Fatima Ezechi,15,Female,2.38,4,200,3,3,2,Medium,1
220501607,Aiden Moore,19,Male,2.42,5,200,5,17,7,Medium,0
220501608,Abdullahi Harris,17,Male,2.87,8,200,10,10,5,Low,0
220501609,Ebo Tinubu,22,Male,2.26,10,200,8,19,9,High,0
220501610,Sophia Nwachukwu,19,Female,2.96,8,200,8,13,5,Medium,0
220501611,Favour Amoah,17,Female,3.42,7,200,9,12,9,Medium,0
220501612,Noah Oppong,15,Male,2.01,2,200,5,6,4,Low,1
220501613,Toyin Garcia,22,Female,4,9,200,9,16,8,Medium,0
220501614,Ifunanya Oppong,25,Female,2.28,5,200,3,4,5,Low,1
220501615,Chukwuemeka Williams,19,Male,1.5,3,200,4,7,3,Medium,1
220501616,Mia Dangote,21,Female,3.41,8,200,10,18,5,Low,0
220501617,Sophia Martinez,19,Female,1.18,1,200,3,2,1,Low,1
220501618,Yusuf Williams,23,Male,3.33,8,200,5,20,8,Low,0
220501619,Matthew Osei,15,Male,1.42,3,200,5,3,5,Medium,1
220501620,Kemi Martinez,24,Female,3.73,9,200,7,14,5,High,0
220501621,Uchenna Darko,20,Female,1.97,4,200,3,3,1,Medium,1
220501622,Emmanuel Balogun,22,Male,2.51,9,200,5,20,7,Medium,0
220501623,Obiageli Jackson,19,Female,3.79,5,200,6,17,6,Medium,0
220501624,Logan Amoah,16,Male,4,9,200,8,19,8,Medium,0
220501625,Ibrahim Obiora,17,Male,3.78,9,200,10,17,8,Low,0
220501626,Ahmed Okoro,21,Male,2.58,2,200,2,8,2,Medium,1
220501627,Mmesoma Taylor,23,Female,4,6,200,9,18,5,Medium,0
220501628,Ibrahim Acheampong,17,Male,4,10,200,7,13,7,Medium,0
220501629,Adaora Abubakar,21,Female,2.87,2,200,1,5,3,Low,1
220501630,Chioma Okonkwo,22,Female,1.64,5,200,1,5,4,Low,1
220501631,Onyeka Anyanwu,17,Male,3.78,7,200,8,17,7,High,0
220501632,Obinna Oduya,16,Male,1.27,5,200,2,7,2,Medium,1
220501633,Faith Abubakar,24,Female,3.33,7,200,8,18,5,Low,0
220501634,Abena Nduka,15,Female,3.53,7,200,7,17,10,Medium,0
220501635,Olumide Adjei,19,Male,3.23,6,200,8,11,6,High,0
220501636,Matthew Lawal,23,Male,2.16,4,200,1,10,5,Low,1
220501637,Ethan Adjei,15,Male,1.89,1,200,1,4,4,Low,1
220501638,Ibrahim Oduya,17,Male,1.93,2,200,5,6,3,Low,1
220501639,Kojo Nwafor,21,Male,4,6,200,9,11,9,Medium,0
220501640,Obiageli Acheampong,22,Female,2.85,8,200,7,16,7,High,0
220501641,Aisha Okonkwo,19,Female,2.65,5,200,10,12,10,Medium,0
220501642,Mmesoma Martinez,19,Female,3.15,9,200,6,12,5,Medium,0
220501643,Joy Obi,23,Female,3.37,10,200,8,20,5,Medium,0
220501644,Daniel Frimpong,19,Male,3.72,10,200,7,11,5,Medium,0
220501645,Ramatu Oduya,15,Female,2.25,9,200,9,20,7,High,0
220501646,Olachi Martinez,22,Female,1.53,2,200,4,8,5,Medium,1
220501647,Stephen Thompson,24,Male,4,5,200,9,15,5,Low,0
220501648,Seun Oppong,21,Male,2.61,6,200,8,10,9,Low,0
220501649,Aisha Mensah,19,Female,2.42,7,200,6,10,7,High,0
220501650,Aiden Dangote,25,Male,2.61,6,200,7,16,10,Medium,0
220501651,Elijah Nduka,25,Male,1.91,2,200,4,8,5,Low,1
220501652,Kelechi Owusu,21,Male,2.6,9,200,10,14,10,High,0
220501653,Ibrahim Adeyemi,23,Male,3.24,9,200,5,20,7,Medium,0
220501654,Seun White,23,Male,1.54,5,200,1,5,3,Medium,1
220501655,Faith Musa,19,Female,3.14,10,200,10,13,8,Medium,0
220501656,Yaw Boateng,16,Male,1.67,3,200,4,6,3,Medium,1
220501657,Bola Boateng,21,Male,3.84,9,200,8,15,7,Low,0
220501658,Matthew Owusu,16,Male,2.76,5,200,8,12,6,Medium,0
220501659,Fiifi Darko,16,Male,3.83,10,200,5,18,5,Low,0
220501660,Kayode Garba,15,Male,3.31,8,200,10,20,8,Medium,0
220501661,Ronke Okafor,23,Female,3.56,5,200,5,16,8,Medium,0
220501662,Nnamdi Garba,23,Male,1.81,1,200,4,1,4,Low,1
220501663,Uche Johnson,24,Male,1.35,5,200,5,7,2,Low,1
220501664,Ebo Yakubu,15,Male,3.05,8,200,9,14,10,Low,0
220501665,Adaora Balogun,17,Female,3.06,8,200,6,14,7,Medium,0
220501666,Blessing Nwosu,17,Female,3.86,10,200,7,11,5,High,0
220501667,Damilola Frimpong,25,Male,1.71,4,200,5,4,5,Low,1
220501668,Chidinma Jackson,25,Female,2.38,3,200,1,6,3,High,1
220501669,Emeka Yakubu,25,Male,2.16,9,200,9,19,6,Medium,0
220501670,Fatima Igwe,15,Female,1.83,4,200,2,7,3,Low,1
220501671,Blessing Adjei,19,Female,4,10,200,10,20,7,Low,0
220501672,Isabella Tinubu,22,Female,1.85,3,200,2,5,2,Low,1
220501673,Abdullahi Obiora,19,Male,2.55,6,200,10,18,8,Medium,0
220501674,Emmanuel Uchenna,16,Male,3.54,6,200,10,12,8,High,0
220501675,Bimpe Garcia,25,Female,2.8,7,200,7,10,5,High,0
220501676,Ava Fashola,16,Female,3.52,10,200,9,13,5,High,0
220501677,Daniel Amoah,20,Male,2.14,7,200,5,18,8,Medium,0
220501678,Obiageli Eze,24,Female,3.08,9,200,5,13,10,Medium,0
220501679,Suleiman Taylor,15,Male,3,9,200,8,11,9,Medium,0
220501680,Sophia Balogun,24,Female,3.87,6,200,10,19,7,Low,0
220501681,Amaka Ezechi,20,Female,2.63,8,200,5,14,9,Low,0
220501682,Akosua Quansah,16,Female,3.33,10,200,7,12,7,Medium,0
220501683,Olachi Fashola,15,Female,3.62,6,200,10,18,8,Medium,0
220501684,Olivia Obi,20,Female,3.99,8,200,7,13,5,Low,0
220501685,Nkechi Olawale,20,Female,3.61,8,200,5,15,10,Medium,0
220501686,Zainab Garba,15,Female,1.42,5,200,1,2,1,Low,1
220501687,Nkechi Musa,21,Female,3.36,5,200,8,15,9,Medium,0
220501688,Nnamdi Jackson,21,Male,0.49,1,200,1,3,1,Medium,1
220501689,Abena Moore,20,Female,2.79,7,200,10,18,8,High,0
220501690,Sophia Agyemang,18,Female,4,9,200,10,20,10,High,0
220501691,Chibuike Tinubu,21,Male,3.43,8,200,10,11,9,Medium,0
220501692,Ifeoma Owusu,19,Female,2.67,10,200,8,18,10,High,0
220501693,David Uchenna,25,Male,3.14,5,200,8,14,7,High,0
220501694,Ethan Darko,23,Male,1.7,4,200,1,8,1,Low,1
220501695,Ama Harris,16,Female,2.38,5,200,6,11,10,Medium,0
220501696,Kemi Nduka,17,Female,3.95,5,200,6,15,6,Medium,0
220501697,John Adjei,18,Male,3.68,5,200,8,12,5,Medium,0
220501698,Sade Oduya,25,Female,2.06,6,200,1,10,3,High,1
220501699,Zainab Quansah,22,Female,2.64,9,200,6,14,10,High,0
220501700,Babatunde Johnson,22,Male,1.96,10,200,5,17,9,High,0
220501701,Olumide Lawal,19,Male,3.26,6,200,5,19,7,High,0
220501702,Yusuf Onwudiwe,25,Male,3.21,8,200,5,10,6,Medium,0
220501703,Nkechi Adesanya,24,Female,3.95,9,200,9,14,10,High,0
220501704,Kojo Olawale,16,Male,1.57,5,200,1,3,4,Low,1
220501705,Kelechi Agyemang,21,Male,3.99,9,200,9,13,5,High,0
220501706,Chibuike Martinez,23,Male,3.03,9,200,8,11,9,Medium,0
220501707,Ebo Musa,21,Male,3.81,10,200,6,18,8,Medium,0
220501708,Andrew Chukwu,21,Male,1.74,5,200,2,3,3,Low,1
220501709,Chidinma White,16,Female,2.75,3,200,2,2,5,Low,1
220501710,Musa Dangote,22,Male,3.11,8,200,10,19,8,Low,0
220501711,Ama Thompson,25,Female,3.43,9,200,6,20,9,High,0
220501712,Ogechukwu Quansah,18,Female,1.08,4,200,2,9,2,High,1
220501713,Sade Igwe,22,Female,4,7,200,6,16,6,Low,0
220501714,Hauwa Anderson,17,Female,3.77,7,200,6,15,5,Low,0
220501715,Sadiya Fashola,16,Female,3.89,8,200,8,10,5,Medium,0
220501716,Amelia Owusu,20,Female,3.59,5,200,5,14,6,Medium,0
220501717,Adebayo Ezechi,25,Male,3.27,6,200,7,20,10,High,0
220501718,Hope Fashola,25,Female,2.81,5,200,9,20,9,Low,0
220501719,Damilola Martinez,17,Male,3.58,5,200,7,12,6,High,0
220501720,Obinna Davis,21,Male,2.85,10,200,7,10,5,High,0
220501721,Amelia Amoah,22,Female,3.41,5,200,10,13,6,Low,0
220501722,Toyin Quansah,18,Female,3.68,9,200,5,11,10,Medium,0
220501723,Liam Balogun,25,Male,3.31,10,200,10,11,6,High,0
220501724,Simon Brown,22,Male,1.45,6,200,1,3,5,Low,1
220501725,Adaeze Umar,25,Female,1.73,3,200,1,8,4,Low,1
220501726,Aisha Anderson,25,Female,1.52,1,200,2,8,1,Low,1
220501727,Halima Martin,25,Female,3.15,7,200,8,16,9,Low,0
220501728,Ngozi Umar,17,Female,1.3,4,200,2,6,2,Low,1
220501729,Favour Nyarko,25,Female,3.07,6,200,8,18,6,Medium,0
220501730,Bola Garba,17,Male,2.55,10,200,10,13,8,High,0
220501731,Yetunde Balogun,16,Female,2.43,8,200,8,10,5,Medium,0
220501732,Ifunanya Owusu,22,Female,2.14,4,200,3,8,1,Low,1
220501733,Abena Adjei,16,Female,3.16,5,200,3,7,3,Medium,1
220501734,Sophia Harris,22,Female,1.68,2,200,4,7,1,Low,1
220501735,Grace Martinez,19,Female,2.81,8,200,8,12,8,Low,0
220501736,Maryam Jackson,22,Female,1.83,4,200,2,4,3,Medium,1
220501737,Kofi Olawale,23,Male,1.79,2,200,2,10,3,Medium,1
220501738,Amaka Lawal,22,Female,4,6,200,7,18,6,High,0
220501739,Grace Igwe,17,Female,2.73,8,200,5,15,6,High,0
220501740,Olachi Olawale,21,Female,3.18,6,200,8,14,5,Medium,0
220501741,Aisha Obi,19,Female,2.9,8,200,6,12,7,Medium,0
220501742,Musa Quansah,22,Male,3.93,8,200,10,18,6,Medium,0
220501743,Olivia Obi,22,Female,1.39,5,200,3,5,4,Low,1
220501744,Ama Brown,16,Female,2.67,5,200,6,14,6,High,0
220501745,Joy Tinubu,20,Female,2.93,8,200,10,13,10,Medium,0
220501746,Damilola Agyemang,25,Male,1.68,3,200,4,4,2,Low,1
220501747,Obinna Wilson,16,Male,2.33,6,200,4,1,3,Medium,1
220501748,Yusuf Nwafor,22,Male,2.56,5,200,9,16,7,High,0
220501749,Isabella Anderson,21,Female,1.74,5,200,5,18,9,Low,0
220501750,Tunde Amoah,25,Male,1.64,1,200,5,3,4,High,1
220501751,Akosua Chukwu,16,Female,3.27,9,200,7,11,7,Medium,0
220501752,Chukwuemeka Boateng,17,Male,1.98,4,200,2,3,1,Low,1
220501753,Maryam Owusu,20,Female,3.33,9,200,7,10,10,Low,0
220501754,Kofi Abubakar,16,Male,2.87,4,200,4,6,4,Low,1
220501755,Folake Johnson,18,Female,3.59,9,200,9,20,8,Low,0
220501756,Hauwa Jackson,21,Female,1.55,5,200,5,7,3,Medium,1
220501757,Adaora Okafor,23,Female,3.38,10,200,9,20,8,Low,0
220501758,Olivia Agyemang,25,Female,2.65,7,200,7,20,7,High,0
220501759,Gbenga Musa,20,Male,1.92,5,200,4,2,2,Low,1
220501760,Abena Darko,21,Female,2.21,6,200,2,8,5,Low,1
220501761,Peter Thompson,24,Male,2.56,6,200,10,15,6,Medium,0
220501762,Nkechi Oppong,23,Female,3.05,7,200,6,13,10,Medium,0
220501763,Noah Eze,19,Male,3.47,9,200,7,14,7,Medium,0
220501764,Efua Adeyemi,16,Female,3.29,5,200,10,17,10,High,0
220501765,Sophia Nwachukwu,16,Female,1.38,2,200,5,3,3,Low,1
220501766,Noah Thomas,18,Male,1.08,2,200,1,3,2,High,1
220501767,Amelia Quansah,25,Female,0.79,6,200,3,4,1,Medium,1
220501768,Philip Nyarko,22,Male,3.48,6,200,7,10,5,Low,0
220501769,Temi Adjei,17,Female,3.62,7,200,8,18,10,High,0
220501770,Hauwa Tinubu,20,Female,3.58,9,200,6,17,5,Medium,0
220501771,John Adeyemi,23,Male,1.22,5,200,3,8,3,Low,1
220501772,Zainab Danjuma,23,Female,2.99,5,200,7,19,8,Medium,0
220501773,Ebo Nduka,15,Male,4,10,200,9,15,7,High,0
220501774,Kojo Garcia,18,Male,2.12,5,200,9,16,8,High,0
220501775,Kelechi Agyemang,19,Male,3.56,6,200,10,15,6,Medium,0
220501776,Uchenna Agyei,22,Female,2.32,5,200,5,18,9,Medium,0
220501777,David Nyarko,16,Male,2.71,7,200,8,12,8,Medium,0
220501778,Paul Olawale,15,Male,3.18,9,200,5,12,5,Medium,0
220501779,Akosua Anderson,24,Female,3.75,6,200,10,12,7,High,0
220501780,Yetunde Harris,25,Female,1.3,1,200,5,10,2,High,1
220501781,Kunle White,19,Male,1.78,6,200,2,3,1,Low,1
220501782,Bimpe Danjuma,25,Female,2.53,7,200,9,18,6,Medium,0
220501783,Bola Tinubu,21,Male,3.64,7,200,8,13,9,High,0
220501784,Paul Mensah,24,Male,2.91,5,200,9,16,7,Medium,0
220501785,Bimpe Martin,18,Female,1.65,5,200,4,9,3,Medium,1
220501786,Sadiya Garba,23,Female,3.42,5,200,8,20,9,Medium,0
220501787,Abiodun Fashola,21,Male,3.76,6,200,8,16,7,Low,0
220501788,Adebayo Johnson,22,Male,3.22,5,200,10,18,10,High,0
220501789,Peace Yakubu,18,Female,3.65,7,200,8,12,8,Medium,0
220501790,Simon Lawal,22,Male,4,5,200,8,13,6,High,0
220501791,Kwame Nwachukwu,25,Male,2.92,9,200,6,17,10,Medium,0
220501792,Mercy Anyanwu,19,Female,2,6,200,1,6,1,High,1
220501793,Sophia Uchenna,17,Female,3.28,8,200,7,14,9,High,0
220501794,Yusuf Jackson,19,Male,1.41,1,200,1,4,4,Low,1
220501795,Noah Thomas,18,Male,1.58,5,200,4,8,1,Low,1
220501796,Favour Obi,21,Female,3.65,9,200,6,10,5,High,0
220501797,Bola Onwudiwe,24,Male,1.57,6,200,5,9,5,Low,1
220501798,Daniel Taylor,17,Male,1.69,3,200,2,1,4,Low,1
220501799,Yaw Davis,19,Male,3.73,9,200,8,17,5,Medium,0
220501800,Chidinma Chukwu,25,Female,1.99,5,200,2,4,1,High,1
220501801,Damilola Nwachukwu,23,Male,1.63,5,200,2,9,4,Medium,1
220501802,Maryam Okoro,21,Female,1.68,5,200,4,5,3,Low,1
220501803,Adwoa Okonkwo,17,Female,3.02,6,200,10,12,5,Medium,0
220501804,Seun Martinez,17,Male,2.72,6,200,6,18,6,High,0
220501805,Kojo Wilson,22,Male,1.46,3,200,3,9,4,Low,1
220501806,Bola Adesanya,23,Male,1.29,1,200,3,4,1,Medium,1
220501807,Mark Antwi,22,Male,4,9,200,6,20,9,Medium,0
220501808,Michael Eze,23,Male,3.25,10,200,10,13,10,Low,0
220501809,Daniel Mensah,20,Male,3.23,5,200,9,17,6,Low,0
220501810,Zainab Onwudiwe,19,Female,3.02,10,200,8,11,10,Low,0
220501811,Ava Lawal,24,Female,3.45,5,200,7,18,10,Medium,0
220501812,Amaka Uchenna,21,Female,3.55,7,200,9,15,5,High,0
220501813,Chibuike Harris,21,Male,1.79,5,200,2,9,2,Medium,1
220501814,Aliyu Olawale,25,Male,1.92,5,200,5,8,2,Low,1
220501815,Ava Yakubu,24,Female,4,8,200,5,16,7,Medium,0
220501816,Tunde Agyei,17,Male,2.21,6,200,3,1,2,Low,1
220501817,Temi Obi,15,Female,1.95,1,200,2,3,3,Medium,1
220501818,Adwoa Sani,19,Female,2.09,1,200,4,2,4,Medium,1
220501819,Olumide Martinez,19,Male,3.83,6,200,10,14,7,Medium,0
220501820,Logan Wilson,19,Male,2.55,8,200,6,14,9,Low,0
220501821,Abena Acheampong,19,Female,3.18,6,200,8,14,5,Low,0
220501822,Kofi Harris,16,Male,3.56,6,200,10,13,8,High,0
220501823,Olachi Igwe,23,Female,1.96,2,200,2,5,4,High,1
220501824,Yaw White,19,Male,3.79,10,200,9,12,9,Medium,0
220501825,Nkechi White,22,Female,2.43,10,200,9,10,7,Medium,0
220501826,Chibuike Antwi,15,Male,1.72,3,200,5,5,1,Low,1
220501827,Hauwa Johnson,18,Female,3.5,7,200,5,18,7,High,0
220501828,Suleiman Lawal,17,Male,1,2,200,4,9,2,High,1
220501829,Kayode Olawale,15,Male,2.99,8,200,9,13,7,High,0
220501830,Chidinma Garba,25,Female,3.87,5,200,10,12,8,Low,0
220501831,Sadiya Anderson,17,Female,2.97,10,200,5,10,5,Low,0
220501832,Ifeoma Oppong,23,Female,2.77,8,200,8,11,7,Medium,0
220501833,Blessing Olawale,23,Female,3.09,9,200,6,17,5,Medium,0
220501834,Maryam Osei,20,Female,1.85,6,200,1,1,1,Low,1
220501835,Ifeoma White,23,Female,1.09,6,200,3,8,2,Low,1
220501836,Kemi Musa,23,Female,2.37,7,200,5,16,6,Medium,0
220501837,Ogechukwu Adesanya,25,Female,1.19,1,200,1,8,4,Medium,1
220501838,Ibrahim Quansah,23,Male,3.24,5,200,8,15,9,Low,0
220501839,Ava Garcia,17,Female,3.29,9,200,6,18,5,High,0
220501840,Adaeze Garcia,25,Female,2.71,9,200,7,12,9,Medium,0
220501841,Onyeka Umar,23,Male,4,10,200,9,19,8,Low,0
220501842,Joy Harris,24,Female,3,6,200,9,13,5,High,0
220501843,Elijah Nwafor,17,Male,3.13,7,200,5,15,5,Medium,0
220501844,Peace Amoah,15,Female,3.55,7,200,8,17,10,High,0
220501845,Blessing Lawal,15,Female,3.91,10,200,8,14,9,High,0
220501846,Nkechi Moore,17,Female,2.79,8,200,9,12,7,High,0
220501847,Ronke Oduya,18,Female,2.31,6,200,7,15,6,High,0
220501848,Ava Okonkwo,24,Female,1.14,6,200,2,4,3,High,1
220501849,Musa Harris,23,Male,2.21,2,200,3,9,5,Low,1
220501850,Ethan Musa,21,Male,1.63,2,200,2,3,2,Low,1
220501851,Simon Osei,25,Male,2.69,6,200,9,13,7,Low,0
220501852,Favour Sani,24,Female,2.71,10,200,6,16,10,High,0
220501853,Mercy Danjuma,25,Female,2.99,7,200,8,16,6,Medium,0
220501854,Sade Obi,22,Female,3.17,7,200,10,13,5,High,0
220501855,Chioma Acheampong,21,Female,4,6,200,5,15,7,Low,0
220501856,Olumide Frimpong,23,Male,2.97,8,200,5,12,6,Low,0
220501857,Daniel Wilson,19,Male,1.95,1,200,5,6,2,Low,1
220501858,Kwame Uchenna,15,Male,2.73,10,200,8,11,6,Medium,0
220501859,Hope Frimpong,17,Female,2.43,5,200,7,17,10,Medium,0
220501860,Onyeka Onwudiwe,15,Male,2.92,8,200,8,11,7,Medium,0
220501861,Mason Mensah,17,Male,2.09,6,200,1,7,4,Low,1
220501862,Ramatu Obi,15,Female,3.25,6,200,5,18,7,Medium,0
220501863,Michael Wilson,24,Male,2.79,7,200,10,10,9,Medium,0
220501864,Kofi Osei,16,Male,2.94,5,200,8,17,10,Medium,0
220501865,Ava Adjei,24,Female,3.42,9,200,8,16,7,Medium,0
220501866,Aiden Sani,16,Male,3.63,9,200,5,15,6,Medium,0
220501867,Fiifi Asante,24,Male,3.24,8,200,7,15,10,High,0
220501868,Ebo Abubakar,22,Male,2.76,6,200,9,15,5,Low,0
220501869,Noah Johnson,15,Male,3.75,5,200,9,18,7,Low,0
220501870,Seun Ezechi,15,Male,1.96,2,200,4,2,3,Medium,1
220501871,Noah Martinez,20,Male,1.52,1,200,5,1,2,Medium,1
220501872,Andrew Fashola,23,Male,1.39,4,200,1,6,1,Low,1
220501873,Temi Dangote,22,Female,1.56,4,200,1,10,1,Low,1
220501874,Ikenna Olawale,16,Male,2.56,9,200,8,20,9,Medium,0
220501875,Folake Sani,22,Female,2.54,6,200,8,17,10,High,0
220501876,Nnamdi Uchenna,23,Male,1.58,6,200,4,3,3,High,1
220501877,Mason Garba,15,Male,1.95,5,200,3,10,1,Medium,1
220501878,Efua Adesanya,22,Female,3.35,6,200,9,10,5,Medium,0
220501879,Elijah Amoah,25,Male,2.9,9,200,8,18,8,Medium,0
220501880,Kemi Uchenna,15,Female,3.44,10,200,6,10,8,High,0
220501881,Ethan Martin,25,Male,2.11,3,200,2,3,1,Low,1
220501882,Adaeze Adjei,15,Female,1.52,3,200,1,8,5,Low,1
220501883,Amaka Oppong,19,Female,2.95,7,200,9,12,5,High,0
220501884,Peter Martinez,24,Male,1.44,3,200,4,4,2,Medium,1
220501885,Faith Antwi,22,Female,3.74,5,200,6,17,7,Medium,0
220501886,Ifunanya Martinez,22,Female,3.42,7,200,9,10,9,High,0
220501887,Kunle Balogun,22,Male,3.79,10,200,5,15,6,High,0
220501888,Zainab Oduya,15,Female,3.81,8,200,7,10,9,High,0
220501889,Kojo White,24,Male,3.8,8,200,10,10,6,High,0
220501890,Yaw Garba,20,Male,2.53,1,200,5,8,3,Medium,1
220501891,Uche Okonkwo,20,Male,1.44,3,200,5,4,3,Low,1
220501892,Hauwa Onwudiwe,24,Female,3.74,7,200,7,10,8,Low,0
220501893,Mmesoma Abubakar,21,Female,2.04,3,200,5,10,2,Medium,1
220501894,Folake Onwudiwe,17,Female,2.79,9,200,5,16,8,High,0
220501895,Adwoa Okafor,17,Female,1.39,2,200,1,5,2,Medium,1
220501896,Mason Olawale,15,Male,1.29,5,200,3,5,4,Medium,1
220501897,Adaeze Johnson,17,Female,3.31,6,200,10,10,7,High,0
220501898,Joy Lawal,19,Female,1.97,3,200,4,10,5,Low,1
220501899,Charlotte Quansah,22,Female,2.23,3,200,2,6,4,High,1
220501900,Obinna Wilson,20,Male,3.32,9,200,8,18,6,High,0
220501901,Faith Taylor,21,Female,3.03,9,200,9,18,6,High,0
220501902,Obinna Igwe,22,Male,2.93,6,200,6,17,10,Medium,0
220501903,Abiodun Adjei,17,Male,3.15,8,200,7,14,7,Low,0
220501904,Chinyere Nduka,18,Female,2.62,6,200,7,10,6,Medium,0
220501905,Bola Tinubu,21,Male,3.44,9,200,10,18,5,Low,0
220501906,Olivia Adeyemi,22,Female,2.56,10,200,6,10,9,High,0
220501907,Chinyere Frimpong,20,Female,3.02,9,200,5,17,8,Medium,0
220501908,Temi Garba,16,Female,1.18,6,200,2,5,5,Low,1
220501909,Hauwa Quansah,17,Female,2.82,5,200,9,12,7,Low,0
220501910,Chukwuemeka Thompson,20,Male,3.62,9,200,5,20,10,Low,0
220501911,Abiodun Adjei,17,Male,3.16,5,200,7,16,8,Medium,0
220501912,Mercy Olawale,25,Female,2.34,4,200,2,7,4,Medium,1
220501913,Paul Garcia,15,Male,1.22,2,200,4,9,1,Low,1
220501914,Bola Adeyemi,25,Male,2.59,6,200,4,7,3,Low,1
220501915,Abena Onwudiwe,17,Female,3,6,200,10,20,10,Medium,0
220501916,Tunde Antwi,17,Male,3.34,5,200,9,12,10,High,0
220501917,Olumide Johnson,20,Male,3.09,10,200,8,20,6,High,0
220501918,Yetunde Adeyemi,22,Female,2.15,2,200,2,1,1,Medium,1
220501919,Sadiya Obiora,19,Female,2.14,5,200,2,8,1,Medium,1
220501920,Damilola Frimpong,23,Male,0.82,3,200,4,3,5,Medium,1
220501921,Suleiman Fashola,23,Male,3.41,5,200,6,17,9,Low,0
220501922,Bimpe White,16,Female,3.22,6,200,9,17,9,Low,0
220501923,Uche Eze,17,Male,3.34,5,200,5,14,5,Medium,0
220501924,Damilola Harris,23,Male,2.88,1,200,5,1,2,Low,1
220501925,Kemi Yakubu,24,Female,2.77,10,200,10,19,8,Low,0
220501926,Kojo Okoro,21,Male,2.92,10,200,9,16,9,Medium,0
220501927,Mmesoma Ezechi,18,Female,2.13,7,200,10,19,6,Medium,0
220501928,Ahmed Umar,23,Male,3.56,9,200,6,14,7,High,0
220501929,Ebo Abubakar,23,Male,1.79,1,200,1,8,5,High,1
220501930,Bola Nduka,21,Male,3.64,6,200,6,18,8,Medium,0
220501931,Chioma Moore,15,Female,3.88,8,200,7,20,7,High,0
220501932,Rotimi Eze,25,Male,1.89,1,200,2,7,3,High,1
220501933,Yaw Asante,16,Male,3.39,5,200,10,16,8,Low,0
220501934,Chioma Thomas,20,Female,2.64,7,200,6,10,9,Medium,0
220501935,Maryam Oppong,25,Female,3.77,9,200,6,13,5,High,0
220501936,Fiifi Onwudiwe,24,Male,3.42,8,200,5,11,8,Low,0
220501937,Fatima Okonkwo,17,Female,2.8,10,200,6,11,8,Medium,0
220501938,Folake Mensah,20,Female,3.45,10,200,5,11,8,High,0
220501939,Ikenna Thompson,20,Male,3.71,6,200,8,13,7,High,0
220501940,Noah Igwe,22,Male,3.65,8,200,7,10,6,High,0
220501941,Ifeoma White,19,Female,3.99,10,200,5,13,5,Medium,0
220501942,Aisha Dangote,16,Female,3.06,6,200,10,11,9,Low,0
220501943,Ebo Martinez,17,Male,1.31,5,200,4,5,5,Medium,1
220501944,David Nyarko,19,Male,4,6,200,5,12,6,Medium,0
220501945,Abdullahi Obi,21,Male,2.04,10,200,5,17,8,Medium,0
220501946,Abena Harris,24,Female,2.38,3,200,3,4,1,Low,1
220501947,Gbenga Anyanwu,25,Male,3.24,7,200,10,10,9,High,0
220501948,Mmesoma Anyanwu,24,Female,2.57,7,200,9,10,10,High,0
220501949,Ramatu Brown,16,Female,3.37,10,200,9,19,9,Medium,0
220501950,Toyin Olawale,25,Female,4,7,200,5,12,8,High,0
220501951,Sade Quansah,16,Female,3.89,8,200,6,18,10,High,0
220501952,Kelechi Agyemang,17,Male,2.63,9,200,10,16,6,Medium,0
220501953,Simon Umar,21,Male,3.63,6,200,8,11,5,Medium,0
220501954,Stephen Moore,22,Male,1.46,2,200,2,9,2,High,1
220501955,Zainab Fashola,15,Female,3.81,10,200,6,19,6,Low,0
220501956,Ifunanya Jackson,18,Female,4,7,200,10,11,5,Medium,0
220501957,Musa Moore,23,Male,3.28,7,200,5,12,5,Medium,0
220501958,Maryam Uchenna,18,Female,1.79,1,200,1,10,5,Low,1
220501959,Simon Quansah,23,Male,1.83,5,200,1,2,5,High,1
220501960,Grace Obi,19,Female,3.41,8,200,5,12,5,Medium,0
220501961,Damilola Uchenna,25,Male,3.71,6,200,9,15,10,Low,0
220501962,Tunde Thompson,21,Male,1.4,1,200,1,9,3,Medium,1
220501963,Mark Agyemang,23,Male,3.96,5,200,9,18,9,Medium,0
220501964,Aisha Chukwu,20,Female,3.59,10,200,9,16,7,Medium,0
220501965,Nkechi Nyarko,24,Female,2.58,6,200,5,12,10,Medium,0
220501966,Olumide Sani,20,Male,3.72,10,200,7,13,5,Medium,0
220501967,Adaeze Garba,17,Female,4,8,200,8,15,10,High,0
220501968,Liam Obi,21,Male,2.57,5,200,6,20,9,Medium,0
220501969,Chioma Musa,19,Female,2.72,5,200,9,14,6,Medium,0
220501970,Nkechi Frimpong,23,Female,2.18,5,200,4,2,1,Medium,1
220501971,Kofi Garcia,16,Male,2.11,4,200,3,6,4,Low,1
220501972,Olumide Antwi,17,Male,1.97,1,200,2,3,3,Low,1
220501973,Amelia Okonkwo,24,Female,3.94,8,200,6,17,10,High,0
220501974,Adanna Lawal,20,Female,3.7,6,200,9,11,5,Medium,0
220501975,Olachi Uchenna,15,Female,2.06,3,200,1,1,1,Low,1
220501976,Ramatu Martinez,16,Female,3.57,5,200,7,18,9,Medium,0
220501977,Daniel Nwachukwu,25,Male,3,9,200,9,12,9,Medium,0
220501978,Philip Abubakar,25,Male,2.43,6,200,7,20,9,Medium,0
220501979,Isabella Garcia,25,Female,1.82,4,200,1,1,4,Low,1
220501980,John Thomas,19,Male,1.57,6,200,1,7,5,Medium,1
220501981,Ibrahim Davis,23,Male,2.13,2,200,5,10,1,Low,1
220501982,Faith Tinubu,24,Female,1.9,1,200,1,5,5,Medium,1
220501983,Emeka Umar,23,Male,2.37,8,200,8,14,6,Low,0
220501984,Joseph Antwi,25,Male,3.03,7,200,6,10,9,High,0
220501985,Charlotte Dangote,23,Female,2.32,2,200,5,9,4,Medium,1
220501986,Chidi Williams,23,Male,2.11,1,200,3,7,2,Low,1
220501987,Aliyu Uchenna,20,Male,3.42,9,200,8,17,10,Medium,0
220501988,Tobi Wilson,23,Male,4,10,200,9,18,10,Medium,0
220501989,Usman Nwafor,21,Male,4,8,200,5,15,10,Medium,0
220501990,Peace Dangote,19,Female,3.74,6,200,5,14,5,Low,0
220501991,Uche Nwachukwu,25,Male,2.38,6,200,5,15,10,Low,0
220501992,Daniel Yakubu,19,Male,3.24,7,200,5,20,5,High,0
220501993,Mason Obi,24,Male,2.11,7,200,7,11,10,Medium,0
220501994,Kelechi Thomas,19,Male,3.12,9,200,8,13,7,Medium,0
220501995,Ogechukwu Martin,24,Female,0.18,6,200,2,3,2,Low,1
220501996,Temi Obiora,16,Female,3.15,9,200,7,16,7,Medium,0
220501997,Charlotte Moore,24,Female,1.95,1,200,3,9,2,Medium,1
220501998,Maryam Sani,24,Female,1.95,5,200,10,14,6,Medium,0
220501999,Aliyu Yakubu,18,Male,3.24,9,200,10,15,8,Medium,0
220502000,Yaw Garcia,24,Male,1.93,6,200,2,10,3,Medium,1
220502001,Peter Amoah,22,Male,2.15,9,200,6,11,8,High,0
220502002,Obinna Asante,16,Male,3.48,10,200,10,12,6,High,0
220502003,Yaw Abubakar,20,Male,2.69,10,200,5,12,5,High,0
220502004,Faith Anyanwu,25,Female,2.09,8,200,7,18,6,High,0
220502005,Adaeze Garcia,15,Female,2.61,10,200,9,16,8,Low,0
220502006,Charlotte Martinez,17,Female,2.54,7,200,6,17,7,Medium,0
220502007,Sophia Musa,25,Female,4,10,200,6,20,10,High,0
220502008,Mark Adesanya,19,Male,3.17,10,200,10,19,10,Medium,0
220502009,Nkechi Anderson,25,Female,2.22,10,200,8,20,7,Low,0
220502010,Akosua Ezechi,19,Female,3.5,5,200,9,18,10,Medium,0
220502011,Isabella Acheampong,22,Female,3.27,7,200,9,15,10,Medium,0
220502012,Kofi Acheampong,20,Male,4,7,200,6,13,8,Medium,0
220502013,Fiifi Nwachukwu,16,Male,3.8,9,200,5,10,7,High,0
220502014,Blessing Thomas,19,Female,3.03,8,200,8,17,9,Low,0
220502015,Ibrahim Nwachukwu,15,Male,2.37,10,200,9,16,5,High,0
220502016,Adwoa Okoro,16,Female,3.11,6,200,6,11,5,Low,0
220502017,Yusuf Martin,24,Male,1.14,4,200,5,8,1,Low,1
220502018,Blessing Umar,23,Female,1.18,4,200,4,5,3,Medium,1
220502019,Bimpe Musa,22,Female,2.94,7,200,8,16,7,Medium,0
220502020,David Chukwu,17,Male,3.46,8,200,7,13,6,High,0
220502021,Kojo Dangote,17,Male,1.92,6,200,2,5,2,Low,1
220502022,Paul Lawal,20,Male,3.64,10,200,8,17,5,High,0
220502023,Onyeka Danjuma,16,Male,3.71,5,200,7,10,9,High,0
220502024,Grace Jackson,18,Female,3.97,10,200,7,10,6,Low,0
220502025,Lucas Amoah,21,Male,3.2,10,200,9,13,6,Medium,0
220502026,Sadiya Wilson,22,Female,3.56,7,200,9,12,7,Medium,0
220502027,Liam Olawale,22,Male,3.24,10,200,7,19,9,High,0
220502028,Fatima Asante,17,Female,2.04,1,200,5,2,1,Low,1
220502029,Ahmed Davis,16,Male,3.62,6,200,8,12,6,High,0
220502030,Uche Taylor,24,Male,1.89,3,200,1,1,5,Medium,1
220502031,Obiageli Adesanya,15,Female,3.64,6,200,8,10,9,High,0
220502032,Ava Danjuma,25,Female,2.33,7,200,7,15,5,Medium,0
220502033,Matthew Lawal,22,Male,1.88,5,200,3,5,5,Medium,1
220502034,Femi Harris,17,Male,3.13,8,200,8,17,9,High,0
220502035,Kojo Eze,20,Male,1.61,5,200,5,2,5,Medium,1
220502036,Fiifi Balogun,17,Male,2.22,6,200,5,4,2,Medium,1
220502037,Kelechi Eze,19,Male,2.51,6,200,10,17,5,Medium,0
220502038,Ifeoma Williams,16,Female,2.76,10,200,7,15,9,Medium,0
220502039,Ibrahim Boateng,25,Male,2.5,4,200,2,1,5,Medium,1
220502040,Kofi Adjei,24,Male,2.34,3,200,5,4,2,High,1
220502041,Mark Balogun,18,Male,3.29,8,200,8,10,5,High,0
220502042,Joseph Moore,16,Male,1.56,1,200,5,2,3,Low,1
220502043,Ibrahim Taylor,23,Male,3.64,8,200,8,14,6,Low,0
220502044,Emmanuel Agyei,23,Male,3.11,5,200,10,17,5,Medium,0
220502045,Toyin Nyarko,22,Female,2.79,8,200,7,17,9,Medium,0
220502046,Maryam Nduka,20,Female,1.84,1,200,5,3,1,Low,1
220502047,Nkechi Chukwu,20,Female,3.59,6,200,8,20,5,Low,0
220502048,Femi Obi,22,Male,1.73,6,200,3,4,1,Low,1
220502049,Ama Ezechi,16,Female,1.83,6,200,2,10,3,Medium,1
220502050,Michael Boateng,18,Male,2.99,9,200,8,20,5,High,0
220502051,Halima Garba,20,Female,3.17,10,200,10,15,7,Low,0
220502052,Babatunde Thomas,22,Male,3.22,7,200,6,20,9,Medium,0
220502053,Suleiman Martin,16,Male,4,8,200,6,20,7,High,0
220502054,John Musa,21,Male,2.26,9,200,5,19,9,Medium,0
220502055,Folake Martinez,25,Female,2.6,7,200,9,12,9,Medium,0
220502056,Peter Fashola,19,Male,1.64,3,200,4,2,3,Low,1
220502057,Zainab Frimpong,23,Female,3.69,5,200,6,15,6,Medium,0
220502058,Sophia Dangote,17,Female,4,10,200,5,20,8,Low,0
220502059,Aisha Uchenna,16,Female,2.95,6,200,10,14,5,Medium,0
220502060,Faith Garba,16,Female,3.36,6,200,7,19,10,Medium,0
220502061,Uchenna Igwe,17,Female,2.62,9,200,8,14,8,High,0
220502062,Hauwa Antwi,24,Female,2.78,6,200,6,19,5,High,0
220502063,Noah Adjei,23,Male,3.14,8,200,9,14,5,Low,0
220502064,Abiodun Sani,17,Male,2.91,6,200,5,19,9,Medium,0
220502065,Kemi Jackson,20,Female,2.95,9,200,6,14,5,Medium,0
220502066,Lucas Thomas,23,Male,3.89,6,200,9,12,10,High,0
220502067,Rotimi Sani,24,Male,2.22,8,200,6,16,5,Medium,0
220502068,Olivia Okoro,17,Female,3.96,5,200,8,15,7,High,0
220502069,Joseph Anderson,23,Male,2.27,9,200,8,13,8,Medium,0
220502070,Olivia Adeyemi,24,Female,2.92,5,200,8,11,7,Medium,0
220502071,Ifunanya Oppong,18,Female,3.5,5,200,10,18,10,High,0
220502072,Ava Nduka,15,Female,3.3,5,200,10,10,5,Medium,0
220502073,Faith Owusu,25,Female,2.77,7,200,5,20,10,Medium,0
220502074,Matthew Thompson,17,Male,3.11,10,200,8,13,9,Low,0
220502075,Amaka Igwe,25,Female,2.44,7,200,9,10,7,Medium,0
220502076,Hauwa Anyanwu,18,Female,1.07,6,200,2,6,3,Medium,1
220502077,Adanna Onwudiwe,16,Female,3.37,5,200,7,13,6,Low,0
220502078,Hauwa Nwosu,17,Female,3.84,9,200,9,14,5,High,0
220502079,Liam Fashola,22,Male,2.74,10,200,10,14,9,High,0
220502080,Efua Abubakar,16,Female,2.51,8,200,10,18,7,Low,0
220502081,Fatima Garcia,18,Female,3.41,8,200,9,10,7,Low,0
220502082,Folake Nyarko,21,Female,3.05,6,200,10,11,9,Medium,0
220502083,Ramatu Eze,19,Female,2.06,6,200,4,6,1,Medium,1
220502084,John Igwe,16,Male,3.25,9,200,5,14,6,High,0
220502085,Amelia Mensah,15,Female,3.2,7,200,6,20,7,High,0
220502086,Ramatu Wilson,18,Female,3.3,5,200,5,16,6,Medium,0
220502087,Bola Antwi,25,Male,3.69,6,200,6,12,10,Medium,0
220502088,Peter Uchenna,24,Male,2.62,8,200,6,12,10,Low,0
220502089,Folake Davis,22,Female,2.88,7,200,5,19,8,Low,0
220502090,Kemi Dangote,19,Female,3.32,7,200,9,11,5,Medium,0
220502091,Uche Oduya,24,Male,2.7,5,200,6,12,8,High,0
220502092,Akosua Martinez,22,Female,3.42,10,200,5,19,8,High,0
220502093,Yaw Harris,15,Male,3.45,8,200,6,10,8,Low,0
220502094,Andrew Garcia,17,Male,2.84,9,200,7,14,5,Medium,0
220502095,Folake Garba,21,Female,4,7,200,9,14,5,Low,0
220502096,Peace Nyarko,23,Female,1.8,1,200,4,7,5,Low,1
220502097,Ava Eze,18,Female,2.52,9,200,6,13,6,Medium,0
220502098,Tunde Okonkwo,18,Male,2.38,10,200,7,12,6,Medium,0
220502099,Uche White,22,Male,3.23,8,200,8,10,9,Low,0
220502100,Toyin Onwudiwe,16,Female,3.2,10,200,8,17,9,High,0
220502101,Isabella Nduka,25,Female,3.82,7,200,6,12,10,Low,0
220502102,Favour Abubakar,19,Female,4,9,200,5,11,8,Medium,0
220502103,Zainab Thomas,24,Female,3.42,9,200,6,20,9,Medium,0
220502104,Femi Oppong,25,Male,1.98,5,200,3,4,3,High,1
220502105,Mark Taylor,21,Male,1.34,3,200,4,3,2,Low,1
220502106,Matthew Harris,18,Male,2.59,7,200,6,10,9,High,0
220502107,Ava Nwafor,21,Female,2.17,6,200,1,3,3,Medium,1
220502108,Aliyu Taylor,21,Male,3.18,6,200,6,11,7,Medium,0
220502109,Emma Adeyemi,24,Female,1.43,6,200,5,8,3,Low,1
220502110,Olumide White,22,Male,2.89,4,200,1,6,3,Medium,1
220502111,Yusuf Tinubu,18,Male,1.94,1,200,3,9,4,High,1
220502112,Ama Anderson,19,Female,3.8,9,200,8,17,7,High,0
220502113,Yaw Balogun,18,Male,3.17,6,200,6,19,8,Medium,0
220502114,Adanna Onwudiwe,21,Female,3.13,5,200,5,12,8,High,0
220502115,Fatima Darko,21,Female,3.8,6,200,9,14,7,High,0
220502116,Suleiman Igwe,19,Male,3.46,10,200,5,16,6,Medium,0
220502117,Matthew Ezechi,24,Male,3.06,7,200,10,14,7,High,0
220502118,Grace Osei,15,Female,2.21,5,200,5,8,3,Low,1
220502119,Adebayo Agyei,25,Male,0.94,6,200,3,5,3,Low,1
220502120,Chioma Tinubu,15,Female,2.71,5,200,8,10,6,High,0
220502121,Peace Adeyemi,18,Female,2.27,5,200,7,14,10,Medium,0
220502122,Adwoa Thomas,25,Female,1.4,1,200,2,4,1,Low,1
220502123,Samuel Lawal,23,Male,1.76,1,200,1,6,1,Low,1
220502124,Ama Boateng,19,Female,2.66,5,200,10,12,8,High,0
220502125,Ama Onwudiwe,22,Female,1.41,2,200,5,5,4,Low,1
220502126,Yetunde Chukwu,23,Female,3.33,10,200,9,11,6,High,0
220502127,Temi Abubakar,25,Female,2.53,9,200,5,20,9,High,0
220502128,Paul Boateng,25,Male,2.86,7,200,10,15,5,Medium,0
220502129,Charlotte Jackson,23,Female,1.64,3,200,1,6,4,Low,1
220502130,Musa Ezechi,19,Male,3.35,10,200,6,14,5,High,0
220502131,Paul Osei,24,Male,1.45,6,200,3,6,2,Medium,1
220502132,Babatunde Yakubu,22,Male,2.64,7,200,9,20,6,High,0
220502133,Sophia Harris,21,Female,3.25,7,200,6,16,9,High,0
220502134,Stephen Thompson,24,Male,4,6,200,7,14,9,High,0
220502135,Olachi Williams,18,Female,1.87,4,200,2,1,2,Low,1
220502136,Mark Ezechi,16,Male,4,9,200,10,17,8,High,0
220502137,Rotimi Agyei,19,Male,2.08,1,200,5,4,1,Low,1
220502138,Aisha Taylor,18,Female,2.19,4,200,1,9,3,Medium,1
220502139,Kunle Taylor,22,Male,3.22,10,200,5,19,9,High,0
220502140,Kofi Wilson,24,Male,3.68,7,200,7,15,7,Medium,0
220502141,Aliyu Boateng,23,Male,2.56,8,200,8,10,8,High,0
220502142,Mmesoma Nwafor,22,Female,2.84,9,200,10,12,9,Medium,0
220502143,Babatunde Ezechi,17,Male,3.49,10,200,7,12,7,Medium,0
220502144,Sadiya Davis,20,Female,4,5,200,8,19,8,Medium,0
220502145,Ikenna Dangote,23,Male,3.26,5,200,6,13,5,High,0
220502146,Amelia Osei,24,Female,3.03,9,200,10,15,8,Medium,0
220502147,Akosua Martin,19,Female,1.33,5,200,2,7,5,Low,1
220502148,Bimpe Garba,23,Female,2.21,3,200,5,10,2,High,1
220502149,Hauwa Eze,21,Female,3.38,5,200,10,13,5,Low,0
220502150,Ikenna Olawale,21,Male,3.51,10,200,8,15,7,Medium,0
220502151,Damilola Obi,25,Male,3.12,8,200,9,20,9,Low,0
220502152,Ibrahim Johnson,16,Male,2.28,6,200,1,1,2,Low,1
220502153,Yetunde Ezechi,21,Female,3.75,6,200,8,17,8,Medium,0
220502154,Joy Asante,20,Female,3.72,6,200,7,16,6,Low,0
220502155,Kemi Brown,23,Female,4,9,200,5,20,9,Medium,0
220502156,Charlotte Brown,24,Female,1.74,3,200,1,9,5,Low,1
220502157,Blessing Fashola,19,Female,0.84,2,200,3,3,2,Medium,1
220502158,Mark Frimpong,22,Male,1.81,1,200,1,2,4,Medium,1
220502159,Faith Igwe,19,Female,2.33,10,200,8,10,6,High,0
220502160,Ogechukwu Amoah,23,Female,3.85,10,200,9,12,9,Medium,0
220502161,Chinyere Darko,17,Female,2.21,5,200,1,5,5,Medium,1
220502162,Seun Oduya,15,Male,3.93,8,200,8,20,7,Medium,0
220502163,Samuel White,21,Male,2.53,5,200,2,2,3,Medium,1
220502164,Aliyu Onwudiwe,21,Male,3.69,8,200,8,12,5,High,0
220502165,Uchenna Abubakar,22,Female,4,9,200,9,13,9,High,0
220502166,Chukwuemeka Sani,23,Male,2.52,9,200,8,16,7,Low,0
220502167,Ama Onwudiwe,21,Female,2.77,9,200,7,12,6,High,0
220502168,Emmanuel Asante,19,Male,2.74,8,200,9,18,10,Medium,0
220502169,Kwame Wilson,22,Male,2.83,8,200,10,17,10,High,0
220502170,Zainab Wilson,21,Female,2.4,9,200,6,13,8,High,0
220502171,Ibrahim Chukwu,24,Male,1.04,2,200,3,1,2,Medium,1
220502172,Logan Adesanya,20,Male,3.17,7,200,10,10,8,High,0
220502173,Ibrahim Darko,20,Male,2.19,7,200,8,10,7,High,0
220502174,Stephen Okonkwo,15,Male,2.91,7,200,9,10,5,Low,0
220502175,Mercy Adjei,16,Female,3.55,8,200,6,17,6,High,0
220502176,Ethan Yakubu,21,Male,3.44,8,200,7,12,6,Low,0
220502177,Lucas Okonkwo,24,Male,3.63,6,200,10,15,6,High,0
220502178,Akosua Anyanwu,16,Female,3.48,7,200,10,12,8,Medium,0
220502179,Gbenga Moore,15,Male,2.86,3,200,2,5,3,Low,1
220502180,Ethan Okonkwo,15,Male,1.69,5,200,4,7,2,Medium,1
220502181,Ngozi Taylor,17,Female,3.5,8,200,6,11,6,Medium,0
220502182,Amelia Fashola,24,Female,1.9,3,200,1,6,1,Medium,1
220502183,Halima Wilson,16,Female,3.53,10,200,7,15,10,Low,0
220502184,Michael Anyanwu,23,Male,3.53,6,200,6,20,10,Medium,0
220502185,Blessing Okoro,24,Female,3.13,10,200,10,12,5,Medium,0
220502186,Nnamdi Mensah,18,Male,1.55,6,200,4,6,3,Low,1
220502187,Toyin Tinubu,19,Female,2.73,6,200,10,19,10,High,0
220502188,Halima Sani,22,Female,1.02,6,200,4,10,3,Medium,1
220502189,Suleiman Nduka,20,Male,3.15,7,200,6,14,10,High,0
220502190,Ifeoma Johnson,22,Female,3.38,8,200,8,11,9,Medium,0
220502191,Temi Umar,24,Female,1.96,2,200,5,9,1,Medium,1
220502192,Chukwuemeka Harris,17,Male,1.79,5,200,5,8,5,Low,1
220502193,Yaw Moore,25,Male,3.37,10,200,9,12,8,High,0
220502194,Philip Mensah,18,Male,1.35,2,200,1,8,5,Low,1
220502195,Gbenga Nyarko,24,Male,2.78,5,200,6,18,6,Low,0
220502196,Kemi Quansah,15,Female,3.58,5,200,10,12,10,High,0
220502197,Peter Jackson,20,Male,3.39,8,200,10,12,9,Medium,0
220502198,Ifunanya Nyarko,23,Female,3.16,7,200,5,11,7,Medium,0
220502199,Ogechukwu Oduya,17,Female,3.28,8,200,8,17,8,Low,0
